date,code,open,high,low,close,volume,amount,turnover,pct_change,is_limit_up,is_limit_down
2021-01-20,sh.605228,7.07,8.48,7.07,8.48,679153,5750757.44,0.8489,43.9728,1,0
2021-01-21,sh.605228,9.33,9.33,9.33,9.33,203215,1895995.95,0.254,10.0236,1,0
2021-01-22,sh.605228,10.26,10.26,10.26,10.26,287576,2950529.76,0.3595,9.9678,1,0
2021-01-25,sh.605228,11.29,11.29,11.29,11.29,365442,4125840.18,0.4568,10.039,1,0
2021-01-26,sh.605228,12.42,12.42,12.42,12.42,478553,5943628.26,0.5982,10.0089,1,0
2021-01-27,sh.605228,13.66,13.66,13.66,13.66,442348,6042473.68,0.5529,9.9839,1,0
2021-01-28,sh.605228,15.03,15.03,12.29,12.29,11312100,148907942.76,14.1401,-10.0293,0,1
2021-01-29,sh.605228,11.06,12.99,11.06,11.86,38755225,447887522.56,48.444,-3.4988,0,0
2021-02-01,sh.605228,11.1,11.99,10.68,11.43,27673625,313744072.98,34.592,-3.6256,0,0
2021-02-02,sh.605228,11.1,12.57,11.04,12.57,34285872,416078720.73,42.8573,9.9738,1,0
2021-02-03,sh.605228,11.8,12.13,11.31,11.36,32554432,379405577.97,40.693,-9.6261,0,0
2021-02-04,sh.605228,11.12,11.34,10.23,10.23,22093677,235284476.44,27.6171,-9.9472,0,1
2021-02-05,sh.605228,10.07,10.42,9.77,9.81,16994610,170612296.38,21.2433,-4.1056,0,0
2021-02-08,sh.605228,9.69,10.22,9.51,9.61,12741782,124922157.97,15.9272,-2.0387,0,0
2021-02-09,sh.605228,9.48,9.58,9.13,9.22,14494549,134506825.51,18.1182,-4.0583,0,0
2021-02-10,sh.605228,9.3,9.35,9.1,9.11,10022411,92145094.18,12.528,-1.1931,0,0
2021-02-18,sh.605228,9.21,9.58,9.15,9.49,12580373,117914816.31,15.7255,4.1712,0,0
2021-02-19,sh.605228,9.4,9.86,9.31,9.75,12733733,122540660.72,15.9172,2.7397,0,0
2021-02-22,sh.605228,9.69,9.87,9.48,9.49,14219974,137726553.71,17.775,-2.6667,0,0
2021-02-23,sh.605228,9.48,9.48,9.18,9.25,9518737,88177020.66,11.8984,-2.529,0,0
2021-02-24,sh.605228,9.35,10.18,9.34,10.18,25292337,254172061.58,31.6154,10.0541,1,0
2021-02-25,sh.605228,10.03,10.95,9.93,10.5,33352830,348823791.24,41.691,3.1434,0,0
2021-02-26,sh.605228,10.01,10.3,9.78,10.13,17608622,177073091.09,22.0108,-3.5238,0,0
2021-03-01,sh.605228,10.11,10.64,9.95,10.46,16862144,173267291.01,21.0777,3.2577,0,0
2021-03-02,sh.605228,10.28,10.35,10.0,10.09,10716352,108347095.94,13.3954,-3.5373,0,0
2021-03-03,sh.605228,10.1,10.1,9.65,9.97,11073397,109046387.93,13.8417,-1.1893,0,0
2021-03-04,sh.605228,9.82,9.9,9.5,9.52,10610772,102082673.87,13.2635,-4.5135,0,0
2021-03-05,sh.605228,9.35,9.6,9.34,9.58,5869315,55716529.27,7.3366,0.6303,0,0
2021-03-08,sh.605228,9.67,9.67,9.41,9.46,6250360,59385583.16,7.813,-1.2526,0,0
2021-03-09,sh.605228,9.4,9.49,9.01,9.19,6732578,61916621.14,8.4157,-2.8541,0,0
2021-03-10,sh.605228,9.21,9.6,9.18,9.51,8524960,80012364.34,10.6562,3.482,0,0
2021-03-11,sh.605228,9.42,9.62,9.31,9.56,6683235,63411466.97,8.354,0.5258,0,0
2021-03-12,sh.605228,9.46,9.55,9.27,9.28,5645315,52794147.36,7.0566,-2.9289,0,0
2021-03-15,sh.605228,9.24,9.73,9.08,9.46,6728637,63250706.51,8.4108,1.9397,0,0
2021-03-16,sh.605228,9.41,9.75,9.35,9.73,9528348,91471820.27,11.9104,2.8541,0,0
2021-03-17,sh.605228,9.8,10.7,9.7,10.7,15660893,163902380.22,19.5761,9.9692,1,0
2021-03-18,sh.605228,10.9,11.54,10.7,11.05,34000493,375738243.44,42.5006,3.271,0,0
2021-03-19,sh.605228,10.56,11.32,10.32,10.71,22482425,244148341.02,28.103,-3.0769,0,0
2021-03-22,sh.605228,10.93,11.46,10.8,11.23,23589105,262184722.8,29.4864,4.8553,0,0
2021-03-23,sh.605228,11.5,12.12,10.76,10.82,29238075,337531356.36,36.5476,-3.6509,0,0
2021-03-24,sh.605228,10.25,10.7,10.12,10.45,19405733,201203893.13,24.2572,-3.4196,0,0
2021-03-25,sh.605228,10.37,11.5,10.09,11.5,19221262,210998764.66,24.0266,10.0478,1,0
2021-03-26,sh.605228,11.5,12.12,11.19,11.73,32171330,376670357.12,40.2142,2.0,0,0
2021-03-29,sh.605228,11.72,11.99,11.31,11.54,20195614,233173848.55,25.2445,-1.6198,0,0
2021-03-30,sh.605228,11.5,12.52,11.22,11.8,25003062,295532864.27,31.2538,2.253,0,0
2021-03-31,sh.605228,11.3,12.85,11.3,12.46,27800193,340123645.92,34.7502,5.5932,0,0
2021-04-01,sh.605228,12.2,13.53,12.0,12.66,29101247,371517334.21,36.3766,1.6051,0,0
2021-04-02,sh.605228,12.3,13.48,12.3,13.34,26497905,345789453.64,33.1224,5.3712,0,0
2021-04-06,sh.605228,13.27,13.29,12.7,13.02,21685021,281453939.76,27.1063,-2.3988,0,0
2021-04-07,sh.605228,12.9,14.32,12.74,14.32,24530557,340987323.67,30.6632,9.9846,1,0
2021-04-08,sh.605228,14.03,15.62,13.13,13.31,35868235,507918824.01,44.8353,-7.0531,0,0
2021-04-09,sh.605228,13.01,13.65,12.33,12.45,21805034,279997510.6,27.2563,-6.4613,0,0
2021-04-12,sh.605228,12.46,12.87,12.25,12.57,15046702,189178920.91,18.8084,0.9639,0,0
2021-04-13,sh.605228,12.5,12.5,11.6,11.82,15221471,181824332.15,19.0268,-5.9666,0,0
2021-04-14,sh.605228,11.8,12.44,11.75,12.15,12045934,145712598.72,15.0574,2.7919,0,0
2021-04-15,sh.605228,11.94,12.35,11.88,11.99,7505181,90272516.77,9.3815,-1.3169,0,0
2021-04-16,sh.605228,12.0,12.1,11.62,11.79,8555854,101334499.28,10.6948,-1.6681,0,0
2021-04-19,sh.605228,11.82,12.74,11.79,12.28,12768597,157049178.38,15.9607,4.1561,0,0
2021-04-20,sh.605228,12.25,12.97,12.25,12.46,15880213,200697130.17,19.8503,1.4658,0,0
2021-04-21,sh.605228,12.25,12.67,12.01,12.07,11533270,141667542.46,14.4166,-3.13,0,0
2021-04-22,sh.605228,12.01,12.33,11.36,11.4,13127187,153833872.87,16.409,-5.551,0,0
2021-04-23,sh.605228,11.42,11.49,10.76,11.0,11172351,122841308.46,13.9654,-3.5088,0,0
2021-04-26,sh.605228,10.88,11.07,10.78,10.82,5624585,61468086.97,7.0307,-1.6364,0,0
2021-04-27,sh.605228,10.84,10.85,10.26,10.47,6201216,64700039.28,7.7515,-3.2348,0,0
2021-04-28,sh.605228,10.43,10.54,10.3,10.37,4070037,42430013.29,5.0875,-0.9551,0,0
2021-04-29,sh.605228,10.49,10.64,10.42,10.51,4688303,49456616.34,5.8604,1.35,0,0
2021-04-30,sh.605228,10.51,10.55,10.11,10.27,4967450,50794477.42,6.2093,-2.2835,0,0
2021-05-06,sh.605228,10.23,10.36,10.18,10.23,3284951,33739657.09,4.1062,-0.3895,0,0
2021-05-07,sh.605228,10.2,10.28,9.95,10.04,3856579,38764519.68,4.8207,-1.8573,0,0
2021-05-10,sh.605228,10.06,10.6,10.04,10.54,5836206,60615604.05,7.2953,4.9801,0,0
2021-05-11,sh.605228,10.55,10.63,10.36,10.44,5168315,54160588.54,6.4604,-0.9488,0,0
2021-05-12,sh.605228,10.36,10.89,10.24,10.84,7004062,74292010.81,8.7551,3.8314,0,0
2021-05-13,sh.605228,10.7,10.86,10.52,10.57,4831801,51521223.94,6.0398,-2.4908,0,0
2021-05-14,sh.605228,10.51,10.68,10.33,10.55,4534155,47584229.61,5.6677,-0.1892,0,0
2021-05-17,sh.605228,10.47,10.48,10.19,10.26,3954462,40687379.3,4.9431,-2.7488,0,0
2021-05-18,sh.605228,10.23,10.31,10.19,10.23,2479447,25368376.68,3.0993,-0.2924,0,0
2021-05-19,sh.605228,10.24,10.35,10.2,10.27,2532554,26055578.3,3.1657,0.391,0,0
2021-05-20,sh.605228,10.27,10.32,10.04,10.1,3046338,30832953.28,3.8079,-1.6553,0,0
2021-05-21,sh.605228,10.18,10.29,10.1,10.16,2346254,23930570.19,2.9328,0.5941,0,0
2021-05-24,sh.605228,10.16,10.23,10.09,10.15,2250307,22871491.12,2.8129,-0.0984,0,0
2021-05-25,sh.605228,10.16,10.45,10.05,10.42,4857356,49944200.52,6.0717,2.6601,0,0
2021-05-26,sh.605228,10.33,10.63,10.32,10.46,4601414,48224049.72,5.7518,0.3839,0,0
2021-05-27,sh.605228,10.5,10.62,10.38,10.61,5747917,60509922.47,7.1849,1.434,0,0
2021-05-28,sh.605228,10.53,10.63,10.29,10.31,4906595,51242347.83,6.1332,-2.8275,0,0
2021-05-31,sh.605228,10.35,10.37,10.23,10.33,2406934,24835229.52,3.0087,0.194,0,0
2021-06-01,sh.605228,10.32,10.45,10.28,10.39,3213089,33296564.09,4.0164,0.5808,0,0
2021-06-02,sh.605228,10.34,10.66,10.3,10.6,6298998,66068771.86,7.8737,2.0212,0,0
2021-06-03,sh.605228,10.7,10.7,10.4,10.5,4639009,49046518.34,5.7988,-0.9434,0,0
2021-06-04,sh.605228,10.45,10.56,10.23,10.28,4116910,42833915.03,5.1461,-2.0952,0,0
2021-06-07,sh.605228,10.25,10.34,10.22,10.25,2870552,29429457.96,3.5882,-0.2918,0,0
2021-06-08,sh.605228,10.2,10.3,10.15,10.17,3330250,33942943.0,4.1628,-0.7805,0,0
2021-06-09,sh.605228,10.18,10.19,10.08,10.11,2762917,27963102.87,3.4536,-0.59,0,0
2021-06-10,sh.605228,10.12,10.15,9.86,9.91,6442250,64191181.81,8.0528,-1.9782,0,0
2021-06-11,sh.605228,9.92,9.94,9.76,9.85,3638340,35823367.94,4.5479,-0.6054,0,0
2021-06-15,sh.605228,9.86,9.86,9.52,9.54,4462134,42904331.22,5.5777,-3.1472,0,0
2021-06-16,sh.605228,9.55,9.65,9.51,9.58,2296168,21965195.01,2.8702,0.4193,0,0
2021-06-17,sh.605228,9.57,9.73,9.53,9.68,2647201,25555260.77,3.309,1.0438,0,0
2021-06-18,sh.605228,9.64,9.72,9.53,9.72,2567248,24763450.18,3.2091,0.4132,0,0
2021-06-21,sh.605228,9.66,9.99,9.63,9.93,3550879,35023511.42,4.4386,2.1605,0,0
2021-06-22,sh.605228,10.0,10.0,9.88,9.94,2488734,24708712.78,3.1109,0.1007,0,0
2021-06-23,sh.605228,9.93,9.93,9.72,9.77,2558907,25075633.74,3.1986,-0.9128,0,0
2021-06-24,sh.605228,9.79,9.84,9.64,9.75,2047662,19959469.74,2.5596,-0.2047,0,0
2021-06-25,sh.605228,9.75,9.75,9.55,9.58,2837284,27246942.24,3.5466,-1.7436,0,0
2021-06-28,sh.605228,9.63,9.64,9.55,9.6,1664811,15973598.38,2.081,0.2088,0,0
2021-06-29,sh.605228,9.57,9.6,9.44,9.48,2223560,21083272.77,2.7795,-1.25,0,0
2021-06-30,sh.605228,9.5,9.54,9.41,9.42,1829384,17268030.34,2.2867,-0.6329,0,0
2021-07-01,sh.605228,9.47,9.63,9.4,9.47,2349042,22323536.88,2.9363,0.5308,0,0
2021-07-02,sh.605228,9.45,9.46,9.21,9.22,2547488,23674880.26,3.1844,-2.6399,0,0
2021-07-05,sh.605228,9.24,9.35,9.19,9.35,1675285,15506421.08,2.0941,1.41,0,0
2021-07-06,sh.605228,9.32,9.4,9.26,9.36,1643391,15314873.81,2.0542,0.107,0,0
2021-07-07,sh.605228,9.35,9.45,9.31,9.41,2138417,20090714.63,2.673,0.5342,0,0
2021-07-08,sh.605228,9.42,9.46,9.21,9.22,2615338,24263071.83,3.2692,-2.0191,0,0
2021-07-09,sh.605228,9.18,9.28,9.15,9.27,1508916,13905297.44,1.8861,0.5423,0,0
2021-07-12,sh.605228,9.28,9.39,9.28,9.33,1790774,16725927.3,2.2385,0.6472,0,0
2021-07-13,sh.605228,9.35,9.35,9.22,9.31,1745076,16164600.14,2.1813,-0.2144,0,0
2021-07-14,sh.605228,9.29,9.29,9.19,9.21,1728324,15962624.72,2.1604,-1.0741,0,0
2021-07-15,sh.605228,9.24,9.24,9.01,9.05,2728715,24766175.81,3.4109,-1.7372,0,0
2021-07-16,sh.605228,9.05,9.07,8.96,8.99,2109217,19018022.49,2.6365,-0.663,0,0
2021-07-19,sh.605228,8.97,8.97,8.73,8.76,2703068,23794759.19,3.3788,-2.5584,0,0
2021-07-20,sh.605228,8.72,8.96,8.66,8.89,1799581,15932244.42,2.2495,1.484,0,0
2021-07-21,sh.605228,8.89,9.26,8.89,9.11,4018380,36705167.55,5.023,2.4747,0,0
2021-07-22,sh.605228,9.06,9.15,8.97,9.01,2468610,22252252.28,3.0858,-1.0977,0,0
2021-07-23,sh.605228,9.02,9.02,8.83,8.84,1925205,17104790.15,2.4065,-1.8868,0,0
2021-07-26,sh.605228,8.84,8.86,8.56,8.62,2556084,22172540.2,3.1951,-2.4887,0,0
2021-07-27,sh.605228,8.67,8.81,8.52,8.52,1804609,15635971.14,2.2558,-1.1601,0,0
2021-07-28,sh.605228,8.6,8.63,8.31,8.33,1923940,16152060.4,2.4049,-2.23,0,0
2021-07-29,sh.605228,8.4,8.54,8.4,8.44,1535700,12972136.0,1.9196,1.3205,0,0
2021-07-30,sh.605228,8.42,8.58,8.28,8.52,2061952,17403954.8,2.5774,0.9479,0,0
2021-08-02,sh.605228,8.57,8.72,8.48,8.68,1999766,17272610.02,2.4997,1.8779,0,0
2021-08-03,sh.605228,8.6,8.9,8.6,8.73,2391679,21009556.29,2.9896,0.576,0,0
2021-08-04,sh.605228,8.73,8.78,8.65,8.74,1275800,11132216.0,1.5948,0.1145,0,0
2021-08-05,sh.605228,8.75,8.8,8.63,8.68,1452162,12586034.65,1.8152,-0.6865,0,0
2021-08-06,sh.605228,8.64,8.77,8.63,8.71,1356597,11790859.7,1.6957,0.3456,0,0
2021-08-09,sh.605228,8.71,8.92,8.6,8.88,2918233,25701657.29,3.6478,1.9518,0,0
2021-08-10,sh.605228,8.88,9.12,8.82,9.06,3132235,28250189.58,3.9153,2.027,0,0
2021-08-11,sh.605228,9.02,9.28,9.02,9.14,2941600,26892421.93,3.677,0.883,0,0
2021-08-12,sh.605228,9.16,9.3,9.08,9.24,3616248,33262066.66,4.5203,1.0941,0,0
2021-08-13,sh.605228,9.24,9.25,9.08,9.15,2480315,22655414.5,3.1004,-0.974,0,0
2021-08-16,sh.605228,9.2,9.21,9.02,9.11,2611938,23870736.88,3.2649,-0.4372,0,0
2021-08-17,sh.605228,9.09,9.53,9.08,9.1,4101248,37860425.35,5.1266,-0.1098,0,0
2021-08-18,sh.605228,9.11,9.18,8.91,9.18,3052648,27611013.37,3.8158,0.8791,0,0
2021-08-19,sh.605228,9.2,9.22,9.01,9.01,1891900,17207010.99,2.3649,-1.8519,0,0
2021-08-20,sh.605228,8.98,8.98,8.77,8.84,1953045,17239518.9,2.4413,-1.8868,0,0
2021-08-23,sh.605228,8.81,9.72,8.81,9.72,9285371,88410158.28,11.6067,9.9548,1,0
2021-08-24,sh.605228,9.65,9.69,9.44,9.48,11453135,109349676.71,14.3164,-2.4691,0,0
2021-08-25,sh.605228,9.52,10.43,9.39,10.43,25771678,262138531.33,32.2146,10.0211,1,0
2021-08-26,sh.605228,10.46,10.48,10.0,10.03,17902420,181460928.35,22.378,-3.8351,0,0
2021-08-27,sh.605228,9.92,10.3,9.62,9.81,13703670,135051863.4,17.1296,-2.1934,0,0
2021-08-30,sh.605228,9.85,10.09,9.7,10.03,11399396,112824458.91,14.2492,2.2426,0,0
2021-08-31,sh.605228,10.03,10.03,9.73,9.86,6553081,64425500.72,8.1914,-1.6949,0,0
2021-09-01,sh.605228,9.85,9.85,9.33,9.59,7545646,72120947.85,9.4321,-2.7383,0,0
2021-09-02,sh.605228,9.58,9.89,9.51,9.81,5990826,58200438.36,7.4885,2.2941,0,0
2021-09-03,sh.605228,9.81,9.82,9.64,9.71,3921181,38081079.93,4.9015,-1.0194,0,0
2021-09-06,sh.605228,9.76,9.86,9.65,9.86,4527097,44267505.13,5.6589,1.5448,0,0
2021-09-07,sh.605228,9.88,9.9,9.73,9.8,3784508,37036386.48,4.7306,-0.6085,0,0
2021-09-08,sh.605228,9.79,9.79,9.61,9.62,4200100,40684214.72,5.2501,-1.8367,0,0
2021-09-09,sh.605228,9.61,9.62,9.45,9.52,3731924,35529414.4,4.6649,-1.0395,0,0
2021-09-10,sh.605228,9.5,9.62,9.47,9.48,2624792,25005328.99,3.281,-0.4202,0,0
2021-09-13,sh.605228,9.51,9.51,9.38,9.43,2280679,21518174.27,2.8508,-0.5274,0,0
2021-09-14,sh.605228,9.4,9.49,9.19,9.19,3957900,36928018.21,4.9474,-2.5451,0,0
2021-09-15,sh.605228,9.11,9.19,9.02,9.19,2586160,23559990.4,3.2327,0.0,0,0
2021-09-16,sh.605228,9.19,9.32,9.05,9.05,2631017,24130425.89,3.2888,-1.5234,0,0
2021-09-17,sh.605228,9.13,9.13,8.88,9.06,2150279,19352244.78,2.6878,0.1105,0,0
2021-09-22,sh.605228,9.03,9.03,8.9,8.96,1692800,15128877.0,2.116,-1.1038,0,0
2021-09-23,sh.605228,8.98,9.11,8.98,9.09,1543416,13980735.68,1.9293,1.4509,0,0
2021-09-24,sh.605228,9.1,9.15,8.98,9.03,1498900,13551328.23,1.8736,-0.6601,0,0
2021-09-27,sh.605228,9.05,9.08,8.68,8.72,2017141,17776086.62,2.5214,-3.433,0,0
2021-09-28,sh.605228,8.73,8.74,8.61,8.66,1316325,11393697.75,1.6454,-0.6881,0,0
2021-09-29,sh.605228,8.67,8.67,8.43,8.46,1861425,15815309.58,2.3268,-2.3095,0,0
2021-09-30,sh.605228,8.49,8.56,8.43,8.53,1059443,8997422.79,1.3243,0.8274,0,0
2021-10-08,sh.605228,8.58,8.78,8.58,8.7,1119760,9728861.8,1.3997,1.993,0,0
2021-10-11,sh.605228,8.67,8.76,8.65,8.71,915600,7970257.0,1.1445,0.1149,0,0
2021-10-12,sh.605228,8.75,8.76,8.5,8.6,1171117,10097175.86,1.4639,-1.2629,0,0
2021-10-13,sh.605228,8.66,8.96,8.62,8.9,2615334,23186847.92,3.2692,3.4884,0,0
2021-10-14,sh.605228,8.84,8.88,8.76,8.86,1424407,12568854.74,1.7805,-0.4494,0,0
2021-10-15,sh.605228,8.91,8.91,8.73,8.78,1185900,10462291.98,1.4824,-0.9029,0,0
2021-10-18,sh.605228,8.8,8.85,8.75,8.81,759200,6677439.34,0.949,0.3417,0,0
2021-10-19,sh.605228,8.81,8.85,8.7,8.71,1265885,11058862.18,1.5824,-1.1351,0,0
2021-10-20,sh.605228,8.72,8.76,8.61,8.63,1178100,10185540.0,1.4726,-0.9185,0,0
2021-10-21,sh.605228,8.65,8.72,8.52,8.55,939504,8071189.33,1.1744,-0.927,0,0
2021-10-22,sh.605228,8.5,8.6,8.49,8.52,896700,7658861.1,1.1209,-0.3509,0,0
2021-10-25,sh.605228,8.55,8.61,8.51,8.56,634400,5422667.0,0.793,0.4695,0,0
2021-10-26,sh.605228,8.6,8.72,8.57,8.64,943651,8156742.75,1.1796,0.9346,0,0
2021-10-27,sh.605228,8.64,8.69,8.38,8.38,1544900,13063418.0,1.9311,-3.0093,0,0
2021-10-28,sh.605228,8.38,8.4,8.08,8.1,1575913,12858570.1,1.9699,-3.3413,0,0
2021-10-29,sh.605228,8.1,8.3,8.1,8.23,1269919,10389576.47,1.5874,1.6049,0,0
2021-11-01,sh.605228,8.23,8.23,8.1,8.18,1129124,9214549.2,1.4114,-0.6075,0,0
2021-11-02,sh.605228,8.19,8.4,8.11,8.13,1385700,11385184.0,1.7321,-0.6112,0,0
2021-11-03,sh.605228,8.13,8.2,8.11,8.15,864619,7044019.47,1.0808,0.246,0,0
2021-11-04,sh.605228,8.19,8.27,8.14,8.25,1215860,9996268.2,1.5198,1.227,0,0
2021-11-05,sh.605228,8.26,8.49,8.22,8.37,2001007,16758654.11,2.5013,1.4545,0,0
2021-11-08,sh.605228,8.38,8.42,8.29,8.39,950300,7936713.0,1.1879,0.2389,0,0
2021-11-09,sh.605228,8.4,8.46,8.35,8.45,985545,8287746.1,1.2319,0.7151,0,0
2021-11-10,sh.605228,8.4,8.67,8.4,8.61,2213860,18933269.0,2.7673,1.8935,0,0
2021-11-11,sh.605228,8.61,8.88,8.56,8.85,3969313,34935958.73,4.9616,2.7875,0,0
2021-11-12,sh.605228,8.88,9.27,8.68,9.27,7977658,72238071.4,9.9721,4.7458,0,0
2021-11-15,sh.605228,9.27,9.39,9.1,9.22,5229928,48021606.15,6.5374,-0.5394,0,0
2021-11-16,sh.605228,9.13,10.14,9.08,9.69,15029163,145549725.91,18.7865,5.0976,0,0
2021-11-17,sh.605228,9.51,9.63,9.3,9.6,10407129,98526238.19,13.0089,-0.9288,0,0
2021-11-18,sh.605228,9.49,9.54,9.15,9.15,6719000,62607819.24,8.3988,-4.6875,0,0
2021-11-19,sh.605228,9.15,9.5,9.07,9.32,6615652,61668996.85,8.2696,1.8579,0,0
2021-11-22,sh.605228,9.32,9.4,9.14,9.35,4268633,39669958.59,5.3358,0.3219,0,0
2021-11-23,sh.605228,9.28,9.6,9.25,9.45,4846098,45780205.63,6.0576,1.0695,0,0
2021-11-24,sh.605228,9.4,9.68,9.35,9.52,5439047,51809410.12,6.7988,0.7407,0,0
2021-11-25,sh.605228,9.5,9.6,9.28,9.35,4254347,39987398.79,5.3179,-1.7857,0,0
2021-11-26,sh.605228,9.26,9.34,9.17,9.21,2831192,26155755.65,3.539,-1.4973,0,0
2021-11-29,sh.605228,9.15,9.51,9.04,9.49,5576234,52322070.79,6.9703,3.0402,0,0
2021-11-30,sh.605228,9.55,9.57,9.37,9.49,3784134,35860329.47,4.7302,0.0,0,0
2021-12-01,sh.605228,9.54,9.63,9.39,9.56,3742505,35632285.97,4.6781,0.7376,0,0
2021-12-02,sh.605228,9.5,9.68,9.47,9.59,5687255,54516456.77,7.1091,0.3138,0,0
2021-12-03,sh.605228,9.71,9.71,9.32,9.33,4872305,45958613.6,6.0904,-2.7112,0,0
2021-12-06,sh.605228,9.28,9.39,9.17,9.23,3278800,30328355.0,4.0985,-1.0718,0,0
2021-12-07,sh.605228,9.3,9.31,8.93,9.01,4496075,40618284.25,5.6201,-2.3835,0,0
2021-12-08,sh.605228,9.01,9.91,9.01,9.91,14734432,143736543.36,18.418,9.9889,1,0
2021-12-09,sh.605228,9.94,9.94,9.65,9.74,18825632,184042655.36,23.532,-1.7154,0,0
2021-12-10,sh.605228,9.62,9.88,9.58,9.78,8720735,85035609.5,10.9009,0.4107,0,0
2021-12-13,sh.605228,9.73,9.85,9.63,9.76,5992314,58187863.46,7.4904,-0.2045,0,0
2021-12-14,sh.605228,9.75,9.75,9.58,9.68,4932545,47582810.0,6.1657,-0.8197,0,0
2021-12-15,sh.605228,9.64,9.68,9.37,9.43,5979119,56899078.59,7.4739,-2.5826,0,0
2021-12-16,sh.605228,9.4,9.51,9.39,9.42,3093400,29235300.0,3.8668,-0.106,0,0
2021-12-17,sh.605228,9.42,9.42,9.23,9.37,3882700,36112577.0,4.8534,-0.5308,0,0
2021-12-20,sh.605228,9.32,9.47,9.2,9.3,3046045,28432970.7,3.8076,-0.7471,0,0
2021-12-21,sh.605228,9.31,9.48,9.24,9.48,3616745,33950889.8,4.5209,1.9355,0,0
2021-12-22,sh.605228,9.47,9.54,9.4,9.46,3064617,28995145.4,3.8308,-0.211,0,0
2021-12-23,sh.605228,9.41,9.78,9.38,9.75,8980813,86514033.79,11.226,3.0655,0,0
2021-12-24,sh.605228,9.71,9.71,9.17,9.21,7595879,71217133.05,9.4948,-5.5385,0,0
2021-12-27,sh.605228,9.22,9.9,9.12,9.57,7790372,74742238.7,9.738,3.9088,0,0
2021-12-28,sh.605228,9.64,9.67,9.44,9.5,3714973,35359157.47,4.6437,-0.7315,0,0
2021-12-29,sh.605228,9.41,9.56,9.28,9.33,2770900,25973716.83,3.4636,-1.7895,0,0
2021-12-30,sh.605228,9.33,9.41,9.29,9.35,2767834,25875525.9,3.4598,0.2144,0,0
2021-12-31,sh.605228,9.4,9.4,9.27,9.27,2343200,21824271.0,2.929,-0.8556,0,0
2022-01-04,sh.605228,9.28,9.4,9.28,9.37,2161534,20214320.54,2.7019,1.0787,0,0
2022-01-05,sh.605228,9.33,9.39,9.13,9.37,3687462,34252715.22,4.6093,0.0,0,0
2022-01-06,sh.605228,9.31,9.48,9.31,9.41,3129519,29461409.03,3.9119,0.4269,0,0
2022-01-07,sh.605228,9.36,9.42,9.17,9.27,3396530,31456846.4,4.2457,-1.4878,0,0
2022-01-10,sh.605228,9.2,9.32,9.16,9.26,1488850,13755570.15,1.8611,-0.1079,0,0
2022-01-11,sh.605228,9.26,9.32,9.15,9.2,1886505,17432468.9,2.3581,-0.6479,0,0
2022-01-12,sh.605228,9.23,9.3,9.18,9.26,1985317,18325731.74,2.4816,0.6522,0,0
2022-01-13,sh.605228,9.26,9.56,9.22,9.5,6835436,64471145.0,8.5443,2.5918,0,0
2022-01-14,sh.605228,9.46,9.55,9.33,9.36,3877795,36661691.7,4.8472,-1.4737,0,0
2022-01-17,sh.605228,9.27,9.47,9.24,9.44,2849600,26663325.0,3.562,0.8547,0,0
2022-01-18,sh.605228,9.44,9.44,9.14,9.2,3933517,36286136.72,4.9169,-2.5424,0,0
2022-01-19,sh.605228,9.19,9.19,8.99,9.04,3126100,28310511.0,3.9076,-1.7391,0,0
2022-01-20,sh.605228,9.09,9.09,8.59,8.69,3669500,32229963.0,3.7811,-3.8717,0,0
2022-01-21,sh.605228,8.71,8.75,8.6,8.62,1447300,12535163.48,1.4913,-0.8055,0,0
2022-01-24,sh.605228,8.66,8.66,8.46,8.51,1679200,14294350.0,1.7303,-1.2761,0,0
2022-01-25,sh.605228,8.51,8.53,8.18,8.19,2316000,19248638.0,2.3864,-3.7603,0,0
2022-01-26,sh.605228,8.19,8.42,8.18,8.26,1302600,10767722.0,1.3422,0.8547,0,0
2022-01-27,sh.605228,8.19,8.33,8.13,8.18,1440800,11834974.0,1.4846,-0.9685,0,0
2022-01-28,sh.605228,8.18,8.39,8.18,8.35,1343900,11168742.0,1.3848,2.0782,0,0
2022-02-07,sh.605228,8.42,8.57,8.42,8.46,1234600,10484161.0,1.2721,1.3174,0,0
2022-02-08,sh.605228,8.52,8.59,8.42,8.59,1371200,11699806.0,1.4129,1.5366,0,0
2022-02-09,sh.605228,8.6,8.7,8.56,8.58,1631779,14040892.59,1.6814,-0.1164,0,0
2022-02-10,sh.605228,8.59,8.59,8.47,8.54,1153045,9826626.4,1.1881,-0.4662,0,0
2022-02-11,sh.605228,8.51,8.57,8.36,8.41,1128000,9521090.0,1.1623,-1.5222,0,0
2022-02-14,sh.605228,8.37,8.47,8.35,8.43,605400,5098584.0,0.6238,0.2378,0,0
2022-02-15,sh.605228,8.43,8.7,8.41,8.56,1649800,14127715.0,1.7,1.5421,0,0
2022-02-16,sh.605228,8.57,8.62,8.51,8.6,1001300,8594030.0,1.0318,0.4673,0,0
2022-02-17,sh.605228,8.6,8.66,8.51,8.52,1282245,10999641.8,1.3212,-0.9302,0,0
2022-02-18,sh.605228,8.5,8.59,8.46,8.58,903700,7712122.0,0.9312,0.7042,0,0
2022-02-21,sh.605228,8.58,8.65,8.55,8.65,1184434,10185402.4,1.2205,0.8159,0,0
2022-02-22,sh.605228,8.61,8.61,8.48,8.5,1225400,10457333.0,1.2627,-1.7341,0,0
2022-02-23,sh.605228,8.5,8.65,8.5,8.64,1503700,12923767.0,1.5494,1.6471,0,0
2022-02-24,sh.605228,8.62,8.69,8.35,8.5,2419500,20638499.0,2.4931,-1.6204,0,0
2022-02-25,sh.605228,8.54,8.65,8.5,8.53,1300791,11125611.78,1.3404,0.3529,0,0
2022-02-28,sh.605228,8.53,8.54,8.25,8.41,948500,7968862.0,0.9773,-1.4068,0,0
2022-03-01,sh.605228,8.41,9.25,8.4,8.87,7056783,62770819.0,7.2714,5.4697,0,0
2022-03-02,sh.605228,8.78,8.87,8.69,8.73,4319283,37757714.0,4.4506,-1.5784,0,0
2022-03-03,sh.605228,8.73,9.04,8.68,8.89,4287900,37917610.0,4.4183,1.8328,0,0
2022-03-04,sh.605228,8.89,8.95,8.81,8.86,2751800,24408474.0,2.8355,-0.3375,0,0
2022-03-07,sh.605228,8.85,8.87,8.67,8.68,1701393,14852860.0,1.7531,-2.0316,0,0
2022-03-08,sh.605228,8.71,8.74,8.42,8.42,1737100,14857374.0,1.7899,-2.9954,0,0
2022-03-09,sh.605228,8.45,8.53,8.02,8.36,1853817,15357872.0,1.9102,-0.7126,0,0
2022-03-10,sh.605228,8.47,8.57,8.36,8.37,1065400,9002458.0,1.0978,0.1196,0,0
2022-03-11,sh.605228,8.35,8.45,8.18,8.43,1392900,11551938.0,1.4353,0.7168,0,0
2022-03-14,sh.605228,8.33,8.68,8.29,8.48,2243381,19106283.0,2.3116,0.5931,0,0
2022-03-15,sh.605228,8.38,8.62,8.25,8.3,2335700,19653616.0,2.4067,-2.1226,0,0
2022-03-16,sh.605228,8.32,8.47,8.11,8.45,1707381,14213167.0,1.7593,1.8072,0,0
2022-03-17,sh.605228,8.51,8.65,8.44,8.47,1951500,16651198.0,2.0109,0.2367,0,0
2022-03-18,sh.605228,8.4,8.6,8.34,8.58,1651900,14091847.0,1.7021,1.2987,0,0
2022-03-21,sh.605228,8.57,8.79,8.57,8.71,2098566,18234130.5,2.1624,1.5152,0,0
2022-03-22,sh.605228,8.74,8.76,8.6,8.67,1250317,10839010.41,1.2883,-0.4592,0,0
2022-03-23,sh.605228,8.7,8.71,8.55,8.57,1286998,11088988.34,1.3261,-1.1534,0,0
2022-03-24,sh.605228,8.52,8.65,8.5,8.5,937500,8032049.08,0.966,-0.8168,0,0
2022-03-25,sh.605228,8.52,8.61,8.42,8.43,1122700,9562213.0,1.1568,-0.8235,0,0
2022-03-28,sh.605228,8.41,8.45,8.22,8.42,1282400,10680989.0,1.3214,-0.1186,0,0
2022-03-29,sh.605228,8.41,8.46,8.32,8.35,731200,6127489.0,0.7534,-0.8314,0,0
2022-03-30,sh.605228,8.35,8.46,8.3,8.39,983571,8236855.3,1.0135,0.479,0,0
2022-03-31,sh.605228,8.33,8.45,8.33,8.36,966500,8114464.0,0.9959,-0.3576,0,0
2022-04-01,sh.605228,8.39,8.39,8.16,8.23,1588545,13069239.65,1.6369,-1.555,0,0
2022-04-06,sh.605228,8.23,8.36,8.17,8.3,1440000,11948255.0,1.4838,0.8505,0,0
2022-04-07,sh.605228,8.3,8.37,8.13,8.14,1232400,10120887.0,1.2699,-1.9277,0,0
2022-04-08,sh.605228,8.14,8.22,7.95,7.99,1431500,11488377.0,1.475,-1.8428,0,0
2022-04-11,sh.605228,7.99,7.99,7.61,7.67,1624000,12619350.0,1.6734,-4.005,0,0
2022-04-12,sh.605228,7.65,7.77,7.52,7.74,1138922,8674708.72,1.1736,0.9126,0,0
2022-04-13,sh.605228,7.8,7.8,7.59,7.63,871100,6688420.0,0.8976,-1.4212,0,0
2022-04-14,sh.605228,7.65,7.79,7.64,7.68,596600,4594159.0,0.6147,0.6553,0,0
2022-04-15,sh.605228,7.7,7.7,7.52,7.6,743100,5648267.0,0.7657,-1.0417,0,0
2022-04-18,sh.605228,7.56,7.86,7.56,7.83,1424300,11063316.0,1.4676,3.0263,0,0
2022-04-19,sh.605228,7.88,7.99,7.76,7.8,1198000,9408903.0,1.2344,-0.3831,0,0
2022-04-20,sh.605228,7.7,7.88,7.65,7.74,985725,7665774.45,1.0157,-0.7692,0,0
2022-04-21,sh.605228,7.69,7.73,7.42,7.45,1121000,8463962.0,1.1551,-3.7468,0,0
2022-04-22,sh.605228,7.45,7.53,7.28,7.41,885600,6552847.0,0.9125,-0.5369,0,0
2022-04-25,sh.605228,7.4,7.4,6.87,6.9,2138770,15119244.6,2.2038,-6.8826,0,0
2022-04-26,sh.605228,6.81,6.91,6.4,6.41,1227700,8167526.0,1.265,-7.1014,0,0
2022-04-27,sh.605228,6.37,6.65,6.11,6.6,1502000,9495685.0,1.5477,2.9641,0,0
2022-04-28,sh.605228,6.6,6.64,6.35,6.48,873345,5667675.2,0.8999,-1.8182,0,0
2022-04-29,sh.605228,6.41,6.78,6.41,6.74,1362325,9097579.5,1.4038,4.0123,0,0
2022-05-05,sh.605228,6.81,6.88,6.67,6.87,1321245,8988510.95,1.3614,1.9288,0,0
2022-05-06,sh.605228,6.79,6.89,6.72,6.84,927700,6322431.0,0.9559,-0.4367,0,0
2022-05-09,sh.605228,7.28,7.3,6.88,6.94,1072217,7511005.49,1.1048,1.462,0,0
2022-05-10,sh.605228,6.93,7.07,6.78,7.07,1118717,7795113.85,1.1527,1.8732,0,0
2022-05-11,sh.605228,7.05,7.42,7.03,7.12,2394550,17392931.7,2.4674,0.7072,0,0
2022-05-12,sh.605228,7.12,7.3,7.08,7.18,1132500,8130101.0,1.1669,0.8427,0,0
2022-05-13,sh.605228,7.18,7.35,7.15,7.32,1220834,8870835.37,1.258,1.9499,0,0
2022-05-16,sh.605228,7.35,7.37,7.25,7.31,652217,4768579.59,0.6721,-0.1366,0,0
2022-05-17,sh.605228,7.35,7.41,7.22,7.34,1111834,8147373.37,1.1456,0.4104,0,0
2022-05-18,sh.605228,7.34,7.55,7.33,7.48,1262476,9435546.28,1.3009,1.9074,0,0
2022-05-19,sh.605228,7.43,7.55,7.38,7.52,1027941,7689097.87,1.0592,0.5348,0,0
2022-05-20,sh.605228,7.57,7.61,7.44,7.58,1065417,8043692.5,1.0978,0.7979,0,0
2022-05-23,sh.605228,7.62,7.69,7.54,7.66,1206417,9194058.22,1.2431,1.0554,0,0
2022-05-24,sh.605228,7.68,7.75,7.42,7.45,1451100,10986302.0,1.4952,-2.7415,0,0
2022-05-25,sh.605228,7.42,7.67,7.42,7.67,1377506,10427565.17,1.4194,2.953,0,0
2022-05-26,sh.605228,7.66,7.67,7.49,7.63,1118400,8499964.0,1.1524,-0.5215,0,0
2022-05-27,sh.605228,7.63,7.73,7.53,7.59,842200,6431653.0,0.8678,-0.5242,0,0
2022-05-30,sh.605228,7.62,7.68,7.52,7.66,888117,6753048.54,0.9151,0.9223,0,0
2022-05-31,sh.605228,7.66,7.66,7.52,7.61,693700,5266274.0,0.7148,-0.6527,0,0
2022-06-01,sh.605228,7.6,7.83,7.6,7.78,1509400,11735375.0,1.5553,2.2339,0,0
2022-06-02,sh.605228,7.79,7.94,7.7,7.9,1417800,11153783.0,1.4609,1.5424,0,0
2022-06-06,sh.605228,7.91,8.1,7.85,8.07,1481200,11883945.0,1.5262,2.1519,0,0
2022-06-07,sh.605228,8.06,8.06,7.82,7.86,1413100,11161489.0,1.4561,-2.6022,0,0
2022-06-08,sh.605228,7.89,7.91,7.61,7.81,1039200,8065395.0,1.0708,-0.6361,0,0
2022-06-09,sh.605228,7.76,7.86,7.58,7.65,1057319,8122185.35,1.0895,-2.0487,0,0
2022-06-10,sh.605228,7.6,7.85,7.59,7.8,835693,6482933.75,0.8611,1.9608,0,0
2022-06-13,sh.605228,7.78,7.99,7.65,7.91,1578100,12478693.0,1.6261,1.4103,0,0
2022-06-14,sh.605228,7.85,7.97,7.68,7.93,1180400,9256637.0,1.2163,0.2528,0,0
2022-06-15,sh.605228,8.15,8.58,7.85,7.86,5951390,48550810.1,6.1324,-0.8827,0,0
2022-06-16,sh.605228,7.82,8.09,7.7,7.73,3115000,24473693.0,3.2097,-1.6539,0,0
2022-06-17,sh.605228,7.66,7.9,7.66,7.78,1785400,13886345.0,1.8397,0.6468,0,0
2022-06-20,sh.605228,7.98,7.98,7.76,7.97,1848900,14519500.0,1.9051,2.4422,0,0
2022-06-21,sh.605228,8.08,8.4,7.72,7.82,4006247,31931550.73,4.1281,-1.8821,0,0
2022-06-22,sh.605228,7.78,8.6,7.76,8.6,15626089,133035085.34,16.1013,9.9744,1,0
2022-06-23,sh.605228,8.6,9.0,8.28,8.68,23173202,199725411.78,23.878,0.9302,0,0
2022-06-24,sh.605228,8.53,8.58,8.31,8.37,11609696,97422810.6,11.9628,-3.5714,0,0
2022-06-27,sh.605228,8.33,8.52,8.19,8.45,9131962,76072262.29,9.4097,0.9558,0,0
2022-06-28,sh.605228,8.37,8.55,8.32,8.38,7591640,63748118.7,7.8225,-0.8284,0,0
2022-06-29,sh.605228,8.38,8.39,7.88,7.9,8296876,67009177.18,8.5492,-5.7279,0,0
2022-06-30,sh.605228,7.88,7.94,7.7,7.73,5849300,45541012.32,6.0272,-2.1519,0,0
2022-07-01,sh.605228,7.73,7.77,7.55,7.55,3808868,29040263.44,3.9247,-2.3286,0,0
2022-07-04,sh.605228,7.56,7.61,7.43,7.5,2038497,15265960.59,2.1005,-0.6623,0,0
2022-07-05,sh.605228,7.53,7.62,7.41,7.47,2307687,17296153.18,2.3779,-0.4,0,0
2022-07-06,sh.605228,7.52,7.64,7.4,7.63,3105314,23509986.21,3.1998,2.1419,0,0
2022-07-07,sh.605228,7.58,7.69,7.46,7.65,2709285,20558161.94,2.7917,1.1905,0,0
2022-07-08,sh.605228,7.65,7.71,7.55,7.61,2459085,18771942.6,2.5339,-0.5229,0,0
2022-07-11,sh.605228,7.57,7.57,7.4,7.46,1764308,13177216.71,1.818,-1.9711,0,0
2022-07-12,sh.605228,7.42,7.52,7.39,7.49,1369403,10204349.44,1.4111,0.4021,0,0
2022-07-13,sh.605228,7.52,7.58,7.42,7.55,1234747,9283297.88,1.2723,0.8011,0,0
2022-07-14,sh.605228,7.42,7.53,7.4,7.45,1652297,12326701.8,1.7025,-1.3245,0,0
2022-07-15,sh.605228,7.41,7.49,7.25,7.27,2355407,17275914.89,2.427,-2.4161,0,0
2022-07-18,sh.605228,7.24,7.56,7.24,7.56,2149258,16098540.94,2.2146,3.989,0,0
2022-07-19,sh.605228,7.55,7.82,7.54,7.78,4139197,31977766.87,4.2651,2.9101,0,0
2022-07-20,sh.605228,7.72,7.79,7.66,7.77,1586705,12259625.65,1.635,-0.1285,0,0
2022-07-21,sh.605228,7.8,7.85,7.71,7.79,1704100,13273960.0,1.7559,0.2574,0,0
2022-07-22,sh.605228,7.82,7.88,7.72,7.86,2011917,15770743.45,2.0731,0.8986,0,0
2022-07-25,sh.605228,7.89,7.95,7.74,7.81,1876343,14658148.15,1.9334,-0.6361,0,0
2022-07-26,sh.605228,7.77,7.86,7.63,7.86,1644700,12776347.0,1.6947,0.6402,0,0
2022-07-27,sh.605228,7.88,8.05,7.84,8.02,2822566,22421980.58,2.9084,2.0356,0,0
2022-07-28,sh.605228,8.03,8.26,8.02,8.2,4139700,33861481.0,4.2656,2.2444,0,0
2022-07-29,sh.605228,8.2,8.46,8.2,8.39,5388352,45074353.35,5.5522,2.3171,0,0
2022-08-01,sh.605228,8.79,9.22,8.48,9.03,20099674,178595215.1,20.711,7.6281,0,0
2022-08-02,sh.605228,8.85,9.17,8.28,9.12,14816189,132526378.41,15.2668,0.9967,0,0
2022-08-03,sh.605228,8.99,9.17,8.8,9.08,9876562,88649598.4,10.1769,-0.4386,0,0
2022-08-04,sh.605228,9.05,9.24,8.84,9.22,7064900,64077141.0,7.2798,1.5419,0,0
2022-08-05,sh.605228,9.22,9.7,9.15,9.37,9620555,90146139.0,9.9132,1.6269,0,0
2022-08-08,sh.605228,9.21,9.99,9.18,9.88,11333508,110304685.0,11.6782,5.4429,0,0
2022-08-09,sh.605228,9.73,10.09,9.64,10.02,8246362,81754231.0,8.4972,1.417,0,0
2022-08-10,sh.605228,10.1,10.12,9.7,9.77,6497899,63521978.0,6.6955,-2.495,0,0
2022-08-11,sh.605228,9.71,9.88,9.56,9.62,5820337,56302177.0,5.9974,-1.5353,0,0
2022-08-12,sh.605228,9.67,10.09,9.58,10.0,7377280,73345086.0,7.6017,3.9501,0,0
2022-08-15,sh.605228,9.93,10.89,9.93,10.29,8386268,87372551.8,8.6413,2.9,0,0
2022-08-16,sh.605228,10.31,10.68,10.12,10.6,6585850,68890582.5,6.7862,3.0126,0,0
2022-08-17,sh.605228,10.6,11.29,10.54,11.28,9578196,105822929.05,9.8695,6.4151,0,0
2022-08-18,sh.605228,11.27,11.27,10.84,11.1,6238298,68639153.39,6.428,-1.5957,0,0
2022-08-19,sh.605228,11.13,11.14,10.86,11.0,4020300,44093234.0,4.1426,-0.9009,0,0
2022-08-22,sh.605228,10.85,11.3,10.63,10.93,4787353,52616639.95,4.933,-0.6364,0,0
2022-08-23,sh.605228,11.03,11.07,10.65,10.79,5796862,62719249.27,5.9732,-1.2809,0,0
2022-08-24,sh.605228,10.8,10.8,10.11,10.18,4950441,51496138.51,5.101,-5.6534,0,0
2022-08-25,sh.605228,10.4,10.4,9.56,9.97,5214985,51520443.79,5.3736,-2.0629,0,0
2022-08-26,sh.605228,9.95,10.21,9.86,9.95,2251195,22477080.65,2.3197,-0.2006,0,0
2022-08-29,sh.605228,9.95,10.04,9.72,9.82,2007518,19890762.3,2.0686,-1.3065,0,0
2022-08-30,sh.605228,9.94,9.94,9.58,9.67,2084162,20232822.36,2.1475,-1.5275,0,0
2022-08-31,sh.605228,9.68,9.69,9.01,9.07,4038111,37227282.54,4.1609,-6.2048,0,0
2022-09-01,sh.605228,9.18,9.2,8.69,8.84,3701900,33027899.0,3.8145,-2.5358,0,0
2022-09-02,sh.605228,8.87,8.97,8.67,8.94,2419900,21447174.0,2.4935,1.1312,0,0
2022-09-05,sh.605228,8.92,9.03,8.82,8.93,1665200,14844180.0,1.7158,-0.1119,0,0
2022-09-06,sh.605228,8.97,8.98,8.8,8.95,1923641,17157363.13,1.9821,0.224,0,0
2022-09-07,sh.605228,8.92,9.85,8.91,9.85,5003801,48129939.77,5.156,10.0559,1,0
2022-09-08,sh.605228,9.9,10.0,9.48,9.49,7667115,74574315.3,7.9003,-3.6548,0,0
2022-09-09,sh.605228,9.65,9.66,9.12,9.18,3432674,31699477.77,3.5371,-3.2666,0,0
2022-09-13,sh.605228,9.24,9.35,9.13,9.19,2291400,21103192.0,2.3611,0.1089,0,0
2022-09-14,sh.605228,8.99,9.18,8.82,8.96,3362106,30126409.52,3.4644,-2.5027,0,0
2022-09-15,sh.605228,9.02,9.06,8.34,8.63,4932697,42278682.23,5.0827,-3.683,0,0
2022-09-16,sh.605228,8.67,8.72,8.45,8.46,1708697,14674681.99,1.7607,-1.9699,0,0
2022-09-19,sh.605228,8.48,8.63,8.4,8.46,1717400,14571268.0,1.7696,0.0,0,0
2022-09-20,sh.605228,8.49,8.94,8.49,8.75,2563856,22471074.44,2.6418,3.4279,0,0
2022-09-21,sh.605228,8.76,8.87,8.57,8.83,2022217,17680838.92,2.0837,0.9143,0,0
2022-09-22,sh.605228,8.74,9.52,8.73,8.99,3991917,36449480.65,4.1133,1.812,0,0
2022-09-23,sh.605228,8.97,9.07,8.57,8.62,2329400,20287262.0,2.4002,-4.1157,0,0
2022-09-26,sh.605228,8.57,8.69,8.42,8.51,1893356,16136413.56,1.9509,-1.2761,0,0
2022-09-27,sh.605228,8.45,8.84,8.45,8.6,1327200,11401921.0,1.3676,1.0576,0,0
2022-09-28,sh.605228,8.59,8.62,8.21,8.22,1708117,14273008.61,1.7601,-4.4186,0,0
2022-09-29,sh.605228,8.35,8.59,8.11,8.22,1740553,14375058.61,1.7935,0.0,0,0
2022-09-30,sh.605228,8.33,8.33,7.91,7.98,1782421,14289728.58,1.8366,-2.9197,0,0
2022-10-10,sh.605228,8.05,8.12,7.77,7.85,1125240,8884890.75,1.1595,-1.6291,0,0
2022-10-11,sh.605228,7.86,7.98,7.8,7.94,813000,6426628.13,0.8377,1.1465,0,0
2022-10-12,sh.605228,7.89,8.24,7.85,8.19,1471200,11833762.0,1.5159,3.1486,0,0
2022-10-13,sh.605228,8.18,8.27,8.07,8.18,1094222,8969786.47,1.1275,-0.1221,0,0
2022-10-14,sh.605228,8.2,8.29,8.17,8.25,1480117,12174849.08,1.5251,0.8557,0,0
2022-10-17,sh.605228,8.26,8.29,8.18,8.27,1125717,9283055.91,1.16,0.2424,0,0
2022-10-18,sh.605228,8.35,8.49,8.28,8.4,1563200,13095421.0,1.6107,1.5719,0,0
2022-10-19,sh.605228,8.4,8.45,8.16,8.17,1296598,10723309.9,1.336,-2.7381,0,0
2022-10-20,sh.605228,8.17,8.3,7.99,8.08,1463600,11839945.0,1.5081,-1.1016,0,0
2022-10-21,sh.605228,8.2,8.2,8.0,8.02,863105,6960066.1,0.8894,-0.7426,0,0
2022-10-24,sh.605228,8.02,8.12,7.83,7.86,1742276,13908374.08,1.7953,-1.995,0,0
2022-10-25,sh.605228,7.87,8.08,7.72,8.04,1721700,13663530.0,1.7741,2.2901,0,0
2022-10-26,sh.605228,8.04,8.22,7.97,8.1,1609700,13051536.0,1.6587,0.7463,0,0
2022-10-27,sh.605228,8.22,8.22,8.0,8.01,1217800,9882069.9,1.2548,-1.1111,0,0
2022-10-28,sh.605228,8.06,8.06,7.66,7.7,1826100,14228707.0,1.8816,-3.8702,0,0
2022-10-31,sh.605228,7.62,8.14,7.62,8.06,2402900,19203572.0,2.476,4.6753,0,0
2022-11-01,sh.605228,8.05,8.28,8.0,8.09,3404100,27698923.0,3.5076,0.3722,0,0
2022-11-02,sh.605228,8.28,8.37,8.04,8.24,2472900,20271699.0,2.5481,1.8541,0,0
2022-11-03,sh.605228,8.24,8.38,8.14,8.35,1866100,15498214.83,1.9229,1.335,0,0
2022-11-04,sh.605228,8.36,8.52,8.33,8.43,1825917,15424179.29,1.8815,0.9581,0,0
2022-11-07,sh.605228,8.43,8.49,8.36,8.4,1926400,16228323.0,1.985,-0.3559,0,0
2022-11-08,sh.605228,8.4,8.5,8.28,8.38,1270045,10612190.4,1.3087,-0.2381,0,0
2022-11-09,sh.605228,8.38,8.44,8.29,8.3,689452,5738035.47,0.7104,-0.9547,0,0
2022-11-10,sh.605228,8.36,8.39,8.09,8.14,2008800,16474762.0,2.0699,-1.9277,0,0
2022-11-11,sh.605228,8.22,8.34,8.12,8.14,1664935,13674996.9,1.7156,0.0,0,0
2022-11-14,sh.605228,8.21,8.23,8.01,8.12,1229635,10011066.25,1.267,-0.2457,0,0
2022-11-15,sh.605228,8.12,8.5,8.08,8.47,2330195,19423210.95,2.4011,4.3103,0,0
2022-11-16,sh.605228,8.47,8.52,8.26,8.31,1713100,14296806.0,1.7652,-1.889,0,0
2022-11-17,sh.605228,8.31,8.39,8.2,8.38,1884300,15618099.0,1.9416,0.8424,0,0
2022-11-18,sh.605228,8.42,8.43,8.31,8.37,1881006,15744367.31,1.9382,-0.1193,0,0
2022-11-21,sh.605228,8.3,8.67,8.15,8.63,2832900,23952734.0,2.9191,3.1063,0,0
2022-11-22,sh.605228,8.59,8.65,8.39,8.43,2217700,18890638.0,2.2851,-2.3175,0,0
2022-11-23,sh.605228,8.43,8.43,8.22,8.33,1403200,11667652.0,1.4459,-1.1862,0,0
2022-11-24,sh.605228,8.3,8.49,8.3,8.42,1296700,10859271.0,1.3361,1.0804,0,0
2022-11-25,sh.605228,8.38,8.42,8.19,8.22,1512062,12485645.64,1.558,-2.3753,0,0
2022-11-28,sh.605228,8.22,8.22,8.11,8.19,715413,5837972.78,0.7372,-0.365,0,0
2022-11-29,sh.605228,8.16,8.32,8.16,8.29,1109191,9169974.84,1.1429,1.221,0,0
2022-11-30,sh.605228,8.29,8.44,8.29,8.4,1459600,12225098.0,1.504,1.3269,0,0
2022-12-01,sh.605228,8.47,8.53,8.38,8.4,1448400,12239322.0,1.4925,0.0,0,0
2022-12-02,sh.605228,8.34,8.47,8.31,8.45,1558665,13082189.3,1.6061,0.5952,0,0
2022-12-05,sh.605228,8.55,8.6,8.47,8.52,1802865,15356934.15,1.8577,0.8284,0,0
2022-12-06,sh.605228,8.49,8.52,8.4,8.42,1484317,12545154.8,1.5295,-1.1737,0,0
2022-12-07,sh.605228,8.47,8.56,8.42,8.44,1466900,12456147.0,1.5115,0.2375,0,0
2022-12-08,sh.605228,8.44,8.5,8.35,8.39,1294700,10902033.0,1.3341,-0.5924,0,0
2022-12-09,sh.605228,8.42,8.45,8.26,8.29,1241800,10346694.0,1.2796,-1.1919,0,0
2022-12-12,sh.605228,8.33,8.39,8.21,8.38,1290300,10735344.0,1.3295,1.0856,0,0
2022-12-13,sh.605228,8.35,9.21,8.35,8.79,9132717,81005984.72,9.4105,4.8926,0,0
2022-12-14,sh.605228,8.78,8.78,8.48,8.59,5001100,42886329.0,5.1532,-2.2753,0,0
2022-12-15,sh.605228,8.59,9.22,8.57,8.99,8591234,76838540.94,8.8525,4.6566,0,0
2022-12-16,sh.605228,8.92,8.99,8.76,8.96,4964700,44065636.0,5.1157,-0.3337,0,0
2022-12-19,sh.605228,8.96,9.03,8.58,8.68,5781306,50498088.75,5.9571,-3.125,0,0
2022-12-20,sh.605228,8.63,8.83,8.43,8.81,3951717,34501750.43,4.0719,1.4977,0,0
2022-12-21,sh.605228,8.87,8.89,8.4,8.46,4033200,34437484.0,4.1559,-3.9728,0,0
2022-12-22,sh.605228,8.5,8.55,7.83,7.94,5620717,45266592.74,5.7917,-6.1466,0,0
2022-12-23,sh.605228,7.75,7.88,7.46,7.5,4269117,32531588.71,4.399,-5.5416,0,0
2022-12-26,sh.605228,7.5,7.79,7.41,7.76,3144838,24030705.1,3.2405,3.4667,0,0
2022-12-27,sh.605228,7.78,7.85,7.59,7.6,1998807,15324595.72,2.0596,-2.0619,0,0
2022-12-28,sh.605228,7.61,7.61,7.36,7.38,1959100,14551241.0,2.0187,-2.8947,0,0
2022-12-29,sh.605228,7.38,8.12,7.35,8.12,4705200,37421145.0,4.8483,10.0271,1,0
2022-12-30,sh.605228,8.28,8.8,8.22,8.48,10578962,89595652.18,10.9007,4.4335,0,0
2023-01-03,sh.605228,8.46,8.65,8.34,8.44,6298717,53091700.7,6.4903,-0.4717,0,0
2023-01-04,sh.605228,8.48,8.56,8.36,8.4,3642819,30740543.33,3.7536,-0.4739,0,0
2023-01-05,sh.605228,8.49,8.63,8.33,8.56,3977289,33739193.16,4.0983,1.9048,0,0
2023-01-06,sh.605228,8.5,9.25,8.49,8.74,10088519,90087212.9,10.3953,2.1028,0,0
2023-01-09,sh.605228,8.76,9.61,8.76,9.38,12218495,114267206.89,12.5901,7.3227,0,0
2023-01-10,sh.605228,9.42,9.49,8.66,9.08,6742692,61141508.48,6.9478,-3.1983,0,0
2023-01-11,sh.605228,9.2,9.22,8.82,8.82,5192178,46254416.2,5.3501,-2.8634,0,0
2023-01-12,sh.605228,8.81,8.96,8.7,8.85,3453800,30432926.0,3.5588,0.3401,0,0
2023-01-13,sh.605228,9.0,9.0,8.56,8.62,3869700,33678498.0,3.9874,-2.5989,0,0
2023-01-16,sh.605228,8.6,8.78,8.59,8.64,3058876,26563591.16,3.1519,0.232,0,0
2023-01-17,sh.605228,8.61,8.91,8.61,8.83,3019401,26439649.66,3.1112,2.1991,0,0
2023-01-18,sh.605228,8.86,8.86,8.63,8.69,2199200,19127638.0,2.2661,-1.5855,0,0
2023-01-19,sh.605228,8.65,8.73,8.64,8.71,1315100,11423823.0,1.3551,0.2301,0,0
2023-01-20,sh.605228,8.71,8.86,8.71,8.78,1615900,14170866.0,1.665,0.8037,0,0
2023-01-30,sh.605228,8.92,9.26,8.92,9.1,4192700,38139481.0,4.3202,3.6446,0,0
2023-01-31,sh.605228,9.0,9.32,8.95,9.27,5316514,48759597.52,5.4782,1.8681,0,0
2023-02-01,sh.605228,9.26,9.32,9.19,9.27,3111400,28738396.0,3.206,0.0,0,0
2023-02-02,sh.605228,9.2,9.42,9.2,9.33,3583960,33441118.31,3.693,0.6472,0,0
2023-02-03,sh.605228,9.3,9.35,9.1,9.24,2851976,26212766.4,2.9387,-0.9646,0,0
2023-02-06,sh.605228,9.26,9.86,9.12,9.75,6892405,66380900.65,7.102,5.5195,0,0
2023-02-07,sh.605228,9.66,9.72,9.41,9.55,3469000,32994521.0,3.5745,-2.0513,0,0
2023-02-08,sh.605228,9.55,9.69,9.47,9.58,2582600,24673680.0,2.6611,0.3141,0,0
2023-02-09,sh.605228,9.48,9.72,9.45,9.6,2654100,25570018.0,2.7348,0.2088,0,0
2023-02-10,sh.605228,9.56,9.71,9.34,9.36,2581817,24427589.84,2.6603,-2.5,0,0
2023-02-13,sh.605228,9.46,9.46,9.29,9.4,1780600,16706451.0,1.8348,0.4274,0,0
2023-02-14,sh.605228,9.45,9.48,9.18,9.21,2553303,23722602.26,2.631,-2.0213,0,0
2023-02-15,sh.605228,9.3,9.35,9.24,9.34,1536470,14287789.35,1.5832,1.4115,0,0
2023-02-16,sh.605228,9.29,9.4,8.88,8.94,2776775,25322789.58,2.8612,-4.2827,0,0
2023-02-17,sh.605228,9.03,9.08,8.75,8.78,2478100,22023548.0,2.5535,-1.7897,0,0
2023-02-20,sh.605228,8.8,9.03,8.8,9.01,2569200,23018883.0,2.6473,2.6196,0,0
2023-02-21,sh.605228,9.01,9.35,8.97,9.27,3670191,33645907.48,3.7818,2.8857,0,0
2023-02-22,sh.605228,9.2,9.85,9.16,9.7,10825760,103046395.09,11.155,4.6386,0,0
2023-02-23,sh.605228,9.73,10.67,9.65,10.67,13983861,145395284.87,14.4092,10.0,1,0
2023-02-24,sh.605228,10.67,11.3,10.03,10.4,28968835,307800479.7,29.8499,-2.5305,0,0
2023-02-27,sh.605228,10.47,10.5,9.94,10.1,15570743,157888019.27,16.0443,-2.8846,0,0
2023-02-28,sh.605228,10.07,10.07,9.76,9.94,11337700,112143188.97,11.6825,-1.5842,0,0
2023-03-01,sh.605228,9.99,10.07,9.73,9.91,10812075,106593610.93,11.1409,-0.3018,0,0
2023-03-02,sh.605228,9.9,9.96,9.76,9.94,9635349,94953216.79,9.9284,0.3027,0,0
2023-03-03,sh.605228,9.94,9.94,9.58,9.63,8869469,85953284.86,9.1392,-3.1187,0,0
2023-03-06,sh.605228,9.68,9.71,9.29,9.44,5950257,56058448.8,6.1312,-1.973,0,0
2023-03-07,sh.605228,9.47,9.49,9.18,9.19,4206300,39245945.0,4.3342,-2.6483,0,0
2023-03-08,sh.605228,9.16,9.32,9.15,9.29,2575793,23787219.88,2.6541,1.0881,0,0
2023-03-09,sh.605228,9.34,9.55,9.17,9.51,5721700,53845475.0,5.8957,2.3681,0,0
2023-03-10,sh.605228,9.47,9.65,9.35,9.36,4691000,44505375.0,4.8337,-1.5773,0,0
2023-03-13,sh.605228,9.34,9.43,9.11,9.17,3941512,36239006.2,4.0614,-2.0299,0,0
2023-03-14,sh.605228,9.2,9.23,8.8,8.86,4139800,36944640.0,4.2657,-3.3806,0,0
2023-03-15,sh.605228,8.92,9.07,8.92,9.04,2247298,20239329.08,2.3156,2.0316,0,0
2023-03-16,sh.605228,8.99,9.19,8.78,8.78,2694100,24069246.0,2.776,-2.8761,0,0
2023-03-17,sh.605228,8.91,8.92,8.75,8.84,1887702,16665561.6,1.9451,0.6834,0,0
2023-03-20,sh.605228,8.88,8.88,8.55,8.78,2975502,25882531.18,3.066,-0.6787,0,0
2023-03-21,sh.605228,8.83,9.05,8.73,9.05,3239414,28942285.72,3.3379,3.0752,0,0
2023-03-22,sh.605228,9.13,9.17,8.9,8.94,3009202,27114509.86,3.1007,-1.2155,0,0
2023-03-23,sh.605228,8.9,8.9,8.74,8.82,2779913,24474504.85,2.8645,-1.3423,0,0
2023-03-24,sh.605228,8.82,8.86,8.74,8.77,1680400,14763298.0,1.7315,-0.5669,0,0
2023-03-27,sh.605228,8.74,8.79,8.6,8.78,2217245,19307758.05,2.2847,0.114,0,0
2023-03-28,sh.605228,8.73,8.95,8.72,8.84,2601850,23046598.84,2.681,0.6834,0,0
2023-03-29,sh.605228,8.78,8.93,8.73,8.92,1719900,15198459.0,1.7722,0.905,0,0
2023-03-30,sh.605228,8.89,8.94,8.77,8.82,1609200,14227922.0,1.6581,-1.1211,0,0
2023-03-31,sh.605228,8.82,8.9,8.78,8.87,1169400,10333505.0,1.205,0.5669,0,0
2023-04-03,sh.605228,8.87,9.04,8.8,9.03,2309433,20645003.71,2.3797,1.8038,0,0
2023-04-04,sh.605228,9.09,9.09,8.52,8.55,4931682,42969964.92,5.0817,-5.3156,0,0
2023-04-06,sh.605228,8.54,8.69,8.35,8.49,3194600,27077729.0,3.2918,-0.7018,0,0
2023-04-07,sh.605228,8.44,8.72,8.44,8.62,1602700,13780718.0,1.6514,1.5312,0,0
2023-04-10,sh.605228,8.62,8.71,8.58,8.67,1525600,13190379.0,1.572,0.58,0,0
2023-04-11,sh.605228,8.66,8.68,8.46,8.48,1276000,10909184.0,1.3148,-2.1915,0,0
2023-04-12,sh.605228,8.5,8.5,8.29,8.37,2057282,17194699.34,2.1199,-1.2972,0,0
2023-04-13,sh.605228,8.36,8.42,8.31,8.31,1300541,10860625.91,1.3401,-0.7168,0,0
2023-04-14,sh.605228,8.4,8.43,8.3,8.33,1530500,12784455.0,1.577,0.2407,0,0
2023-04-17,sh.605228,8.33,9.16,8.32,9.16,8536274,76336216.41,8.6771,9.964,1,0
2023-04-18,sh.605228,9.16,9.55,9.11,9.3,15678812,145803394.19,15.9374,1.5284,0,0
2023-04-19,sh.605228,9.15,9.36,9.09,9.3,7882333,72687805.25,8.0123,0.0,0,0
2023-04-20,sh.605228,9.17,9.28,9.11,9.18,5800340,53249805.4,5.896,-1.2903,0,0
2023-04-21,sh.605228,9.14,9.37,9.1,9.28,6246822,57743390.28,6.3499,1.0893,0,0
2023-04-24,sh.605228,9.4,9.41,8.92,9.35,7510522,69044509.42,7.6344,0.7543,0,0
2023-04-25,sh.605228,9.28,9.28,8.71,8.9,4806034,43179848.7,4.8853,-4.8128,0,0
2023-04-26,sh.605228,8.87,9.15,8.87,9.05,3339900,30116714.0,3.395,1.6854,0,0
2023-04-27,sh.605228,8.99,9.3,8.87,9.07,4048717,36907608.91,4.1155,0.221,0,0
2023-04-28,sh.605228,9.1,9.15,8.9,9.0,4385900,39372661.0,4.4582,-0.7718,0,0
2023-05-04,sh.605228,8.89,9.15,8.89,8.96,3100809,27814005.46,3.152,-0.4444,0,0
2023-05-05,sh.605228,8.96,8.98,8.4,8.46,5030833,43152189.18,5.1138,-5.5804,0,0
2023-05-08,sh.605228,8.52,8.89,8.42,8.75,3913269,34101615.0,3.9778,3.4279,0,0
2023-05-09,sh.605228,8.73,8.73,8.17,8.17,4373500,36630832.0,4.4456,-6.6286,0,0
2023-05-10,sh.605228,8.18,8.85,8.17,8.79,5774601,49683648.78,5.8698,7.5887,0,0
2023-05-11,sh.605228,8.84,8.88,8.54,8.64,2806800,24241141.0,2.8531,-1.7065,0,0
2023-05-12,sh.605228,8.6,8.65,8.36,8.5,1982401,16746828.41,2.0151,-1.6204,0,0
2023-05-15,sh.605228,8.52,8.66,8.3,8.44,1831600,15369176.0,1.8618,-0.7059,0,0
2023-05-16,sh.605228,8.43,8.44,8.29,8.32,1428200,11923448.0,1.4518,-1.4218,0,0
2023-05-17,sh.605228,8.3,8.46,8.3,8.43,1198100,10063928.0,1.2179,1.3221,0,0
2023-05-18,sh.605228,8.46,8.6,8.41,8.5,1900836,16159578.92,1.9322,0.8304,0,0
2023-05-19,sh.605228,8.55,8.65,8.34,8.42,1306900,10987151.0,1.3285,-0.9412,0,0
2023-05-22,sh.605228,8.47,8.58,8.33,8.57,1749500,14850740.0,1.7784,1.7815,0,0
2023-05-23,sh.605228,8.54,8.73,8.48,8.57,2139000,18428195.0,2.1743,0.0,0,0
2023-05-24,sh.605228,8.6,8.64,8.43,8.53,1298500,11133194.0,1.3199,-0.4667,0,0
2023-05-25,sh.605228,8.53,8.69,8.47,8.6,1590136,13623965.52,1.6164,0.8206,0,0
2023-05-26,sh.605228,8.62,8.93,8.53,8.86,3491501,30627182.59,3.5491,3.0233,0,0
2023-05-29,sh.605228,8.8,8.88,8.58,8.6,2680310,23323080.99,2.7245,-2.9345,0,0
2023-05-30,sh.605228,8.58,8.81,8.58,8.72,1878501,16359562.75,1.9095,1.3953,0,0
2023-05-31,sh.605228,8.68,8.74,8.6,8.7,1189900,10320969.0,1.2095,-0.2294,0,0
2023-06-01,sh.605228,8.68,8.74,8.55,8.55,1909400,16470840.0,1.9409,-1.7241,0,0
2023-06-02,sh.605228,8.63,8.71,8.5,8.64,1673100,14405216.0,1.7007,1.0526,0,0
2023-06-05,sh.605228,8.65,8.79,8.6,8.75,1437300,12530182.0,1.461,1.2731,0,0
2023-06-06,sh.605228,8.8,8.8,8.51,8.57,1351000,11674241.0,1.3733,-2.0571,0,0
2023-06-07,sh.605228,8.58,8.61,8.37,8.4,2037800,17159538.0,2.0714,-1.9837,0,0
2023-06-08,sh.605228,8.45,8.53,8.3,8.35,1831000,15365474.0,1.8612,-0.5952,0,0
2023-06-09,sh.605228,8.34,8.57,8.33,8.49,1770617,15044210.99,1.7998,1.6766,0,0
2023-06-12,sh.605228,8.44,9.34,8.44,9.09,10402179,94302695.96,10.5738,7.0671,0,0
2023-06-13,sh.605228,9.0,9.39,8.92,9.32,13397669,124381800.45,13.6186,2.5303,0,0
2023-06-14,sh.605228,9.32,9.4,9.16,9.27,5436600,50330074.0,5.5263,-0.5365,0,0
2023-06-15,sh.605228,9.29,9.4,9.2,9.28,4606098,42962350.4,4.6821,0.1079,0,0
2023-06-16,sh.605228,9.28,9.38,9.12,9.15,3732300,34397137.0,3.7939,-1.4009,0,0
2023-06-19,sh.605228,9.1,9.43,9.1,9.18,2821717,26118767.42,2.8683,0.3279,0,0
2023-06-20,sh.605228,9.18,9.25,9.05,9.15,2444800,22413288.0,2.4851,-0.3268,0,0
2023-06-21,sh.605228,9.15,9.38,9.14,9.18,2801600,25925266.0,2.8478,0.3279,0,0
2023-06-26,sh.605228,9.18,9.35,9.04,9.1,3828100,35146352.0,3.8912,-0.8715,0,0
2023-06-27,sh.605228,9.07,9.26,8.99,9.24,2694000,24659001.0,2.7384,1.5385,0,0
2023-06-28,sh.605228,9.25,9.64,9.05,9.52,5747737,54000019.09,5.8425,3.0303,0,0
2023-06-29,sh.605228,9.46,9.83,9.44,9.61,5113145,49148682.9,5.1975,0.9454,0,0
2023-06-30,sh.605228,9.61,9.75,9.5,9.57,3050740,29344912.0,3.1011,-0.4162,0,0
2023-07-03,sh.605228,9.6,9.82,9.5,9.61,2566600,24676109.0,2.6089,0.418,0,0
2023-07-04,sh.605228,9.6,10.18,9.59,9.94,7907140,78337215.6,8.0376,3.4339,0,0
2023-07-05,sh.605228,10.1,10.15,9.78,9.91,5574092,55555923.36,5.666,-0.3018,0,0
2023-07-06,sh.605228,9.96,10.1,9.78,9.97,3548100,35177325.0,3.6066,0.6054,0,0
2023-07-07,sh.605228,10.65,10.97,9.92,10.09,17930240,185488502.3,18.226,1.2036,0,0
2023-07-10,sh.605228,10.0,11.1,10.0,11.1,14941814,162206028.4,15.1883,10.0099,1,0
2023-07-11,sh.605228,11.07,11.07,10.38,10.74,25827392,275984457.66,26.2534,-3.2432,0,0
2023-07-12,sh.605228,10.56,11.81,10.56,11.81,19405888,226527628.28,19.726,9.9628,1,0
2023-07-13,sh.605228,12.99,12.99,11.19,11.37,47616275,580385255.48,48.4016,-3.7257,0,0
2023-07-14,sh.605228,10.78,10.84,10.23,10.23,34756040,363004079.8,35.3293,-10.0264,0,1
2023-07-17,sh.605228,9.85,11.22,9.84,10.79,34356700,361992877.5,34.9234,5.4741,0,0
2023-07-18,sh.605228,10.91,11.18,10.52,10.94,22787100,246958259.74,23.1629,1.3902,0,0
2023-07-19,sh.605228,10.55,11.76,10.39,11.46,22816050,253776827.48,23.1924,4.7532,0,0
2023-07-20,sh.605228,11.52,12.06,11.27,11.38,18463000,213869990.0,18.7675,-0.6981,0,0
2023-07-21,sh.605228,11.35,12.03,11.19,11.41,21675600,251464103.0,22.0331,0.2636,0,0
2023-07-24,sh.605228,11.26,11.64,10.85,11.46,15488410,173236833.2,15.7439,0.4382,0,0
2023-07-25,sh.605228,10.92,11.6,10.9,11.4,22788750,256273235.5,23.1646,-0.5236,0,0
2023-07-26,sh.605228,11.2,12.01,10.95,11.58,15986647,183912559.48,16.2503,1.5789,0,0
2023-07-27,sh.605228,11.79,12.54,11.37,12.2,24326572,292807395.29,24.7278,5.3541,0,0
2023-07-28,sh.605228,11.78,12.08,11.39,11.87,19487122,229618136.62,19.8085,-2.7049,0,0
2023-07-31,sh.605228,11.6,11.78,11.08,11.13,18187523,206720668.78,18.4875,-6.2342,0,0
2023-08-01,sh.605228,10.96,11.0,10.22,10.35,16603417,173599151.79,16.8773,-7.0081,0,0
2023-08-02,sh.605228,10.32,10.46,10.16,10.22,9007347,92287327.99,9.1559,-1.256,0,0
2023-08-03,sh.605228,10.2,10.25,9.97,10.07,8495447,85474496.88,8.6356,-1.4677,0,0
2023-08-04,sh.605228,10.06,10.33,9.93,10.23,7861300,79753182.47,7.991,1.5889,0,0
2023-08-07,sh.605228,10.33,10.34,10.08,10.14,5208850,52928784.0,5.2948,-0.8798,0,0
2023-08-08,sh.605228,10.1,10.5,10.09,10.2,7826600,80436084.0,7.9557,0.5917,0,0
2023-08-09,sh.605228,10.17,10.17,9.91,10.04,4225500,42334905.0,4.2952,-1.5686,0,0
2023-08-10,sh.605228,10.06,10.14,9.97,10.01,3142600,31553478.0,3.1944,-0.2988,0,0
2023-08-11,sh.605228,10.0,10.08,9.9,9.91,3422150,34093418.0,3.4786,-0.999,0,0
2023-08-14,sh.605228,9.45,9.91,9.45,9.9,6445525,62900326.5,6.5518,-0.1009,0,0
2023-08-15,sh.605228,9.96,10.0,9.52,9.6,5047990,48799551.4,5.1313,-3.0303,0,0
2023-08-16,sh.605228,9.6,9.68,9.34,9.37,4536740,42850711.0,4.6116,-2.3958,0,0
2023-08-17,sh.605228,9.42,9.6,9.27,9.55,4338000,40944571.0,4.4096,1.921,0,0
2023-08-18,sh.605228,9.54,9.63,9.49,9.49,3240200,30983227.0,3.2936,-0.6283,0,0
2023-08-21,sh.605228,9.37,9.59,9.32,9.41,2911800,27556189.0,2.9598,-0.843,0,0
2023-08-22,sh.605228,9.37,9.57,9.31,9.51,2724900,25717599.0,2.7698,1.0627,0,0
2023-08-23,sh.605228,9.43,9.65,9.38,9.41,3525500,33561451.0,3.5836,-1.0515,0,0
2023-08-24,sh.605228,9.35,9.51,9.28,9.36,2987400,28099665.0,3.0367,-0.5313,0,0
2023-08-25,sh.605228,9.31,9.43,9.24,9.29,2851250,26525073.5,2.8983,-0.7479,0,0
2023-08-28,sh.605228,9.6,9.72,9.27,9.34,3485706,33018318.22,3.5432,0.5382,0,0
2023-08-29,sh.605228,9.36,10.07,9.23,10.01,7785661,76589239.73,7.9141,7.1734,0,0
2023-08-30,sh.605228,9.5,10.08,9.5,10.02,6492250,64685371.0,6.5993,0.0999,0,0
2023-08-31,sh.605228,9.96,10.16,9.88,10.06,4875900,49116805.6,4.9563,0.3992,0,0
2023-09-01,sh.605228,10.06,10.25,10.01,10.21,3680500,37425802.0,3.7412,1.4911,0,0
2023-09-04,sh.605228,10.28,10.57,10.1,10.48,4963900,51488337.0,5.0458,2.6445,0,0
2023-09-05,sh.605228,10.56,11.37,10.48,10.98,12251639,134312065.48,12.4537,4.771,0,0
2023-09-06,sh.605228,10.92,11.31,10.81,11.25,8327640,92355905.0,8.465,2.459,0,0
2023-09-07,sh.605228,11.23,11.31,10.81,10.83,5769250,63365596.5,5.8644,-3.7333,0,0
2023-09-08,sh.605228,10.93,11.9,10.72,11.49,12345020,139650002.6,12.5486,6.0942,0,0
2023-09-11,sh.605228,11.99,12.19,11.4,11.68,17984157,211506756.32,18.2808,1.6536,0,0
2023-09-12,sh.605228,11.67,11.75,11.14,11.2,13298550,150917054.0,13.5179,-4.1096,0,0
2023-09-13,sh.605228,11.1,11.24,10.61,10.86,9985100,108880594.0,10.1498,-3.0357,0,0
2023-09-14,sh.605228,10.96,10.96,10.44,10.51,6381050,67647579.5,6.4863,-3.2228,0,0
2023-09-15,sh.605228,10.55,10.66,10.36,10.41,4982320,52128567.9,5.0645,-0.9515,0,0
2023-09-18,sh.605228,10.44,11.04,10.38,10.78,7854200,84999876.0,7.9837,3.5543,0,0
2023-09-19,sh.605228,10.82,10.86,10.4,10.5,4353900,45814463.0,4.4257,-2.5974,0,0
2023-09-20,sh.605228,10.5,10.52,10.2,10.22,3465600,35740268.0,3.5228,-2.6667,0,0
2023-09-21,sh.605228,10.5,10.5,10.14,10.23,4538085,46639238.95,4.6129,0.0978,0,0
2023-09-22,sh.605228,10.28,10.47,10.24,10.44,2946200,30556292.0,2.9948,2.0528,0,0
2023-09-25,sh.605228,10.4,11.48,10.36,11.48,9432700,104842347.0,9.5883,9.9617,1,0
2023-09-26,sh.605228,11.93,11.93,11.25,11.63,22420675,259969173.75,22.7905,1.3066,0,0
2023-09-27,sh.605228,11.58,11.74,11.33,11.4,13819620,158342814.4,14.0476,-1.9776,0,0
2023-09-28,sh.605228,11.36,11.59,11.15,11.49,9846700,112005257.0,10.0091,0.7895,0,0
2023-10-09,sh.605228,11.53,11.96,11.3,11.67,15852400,184048772.2,16.1139,1.5666,0,0
2023-10-10,sh.605228,11.66,11.66,11.22,11.5,9835000,112045630.0,9.9972,-1.4567,0,0
2023-10-11,sh.605228,11.53,11.55,11.28,11.34,5616000,63809694.0,5.7086,-1.3913,0,0
2023-10-12,sh.605228,11.39,11.48,11.15,11.38,6096600,69313882.0,6.1972,0.6189,0,0
2023-10-13,sh.605228,11.45,12.17,11.32,11.76,16024400,189009608.0,16.2887,3.3392,0,0
2023-10-16,sh.605228,11.71,12.25,11.48,11.85,12801500,150821969.0,13.0126,0.7653,0,0
2023-10-17,sh.605228,11.67,11.67,11.28,11.36,7950660,90620554.2,8.0818,-4.135,0,0
2023-10-18,sh.605228,11.22,11.49,11.16,11.37,5083360,57877943.0,5.1672,0.088,0,0
2023-10-19,sh.605228,11.28,11.77,11.09,11.58,9864460,113178270.8,10.0272,1.847,0,0
2023-10-20,sh.605228,11.44,11.74,11.29,11.49,7228760,83030439.4,7.348,-0.7772,0,0
2023-10-23,sh.605228,11.49,11.97,11.2,11.29,7707060,88729099.65,7.8342,-1.7406,0,0
2023-10-24,sh.605228,11.36,12.42,11.36,12.42,10008425,123433220.0,10.1735,10.0089,1,0
2023-10-25,sh.605228,12.42,12.53,12.02,12.17,23298625,284204874.0,23.6829,-2.0129,0,0
2023-10-26,sh.605228,12.01,12.21,11.68,12.2,16263400,194786694.5,16.5316,0.2465,0,0
2023-10-27,sh.605228,11.89,12.12,11.8,11.95,11266650,134612086.0,11.4525,-2.0492,0,0
2023-10-30,sh.605228,11.96,12.44,11.78,12.15,13742820,166402235.26,13.9695,1.6736,0,0
2023-10-31,sh.605228,12.01,12.42,11.71,11.9,10284645,123354289.2,10.4543,-2.0576,0,0
2023-11-01,sh.605228,12.05,12.17,11.7,11.86,6856800,81600914.82,6.9699,-0.3361,0,0
2023-11-02,sh.605228,11.81,11.87,11.07,11.42,11334950,129117342.0,11.5219,-3.7099,0,0
2023-11-03,sh.605228,11.5,11.52,11.07,11.2,8715300,98011561.0,8.859,-1.9264,0,0
2023-11-06,sh.605228,11.23,12.1,11.11,11.69,9850950,114485208.5,10.0134,4.375,0,0
2023-11-07,sh.605228,11.7,11.99,11.51,11.91,9267100,109062622.0,9.4199,1.882,0,0
2023-11-08,sh.605228,12.0,12.07,11.66,12.02,7495350,89101961.0,7.619,0.9236,0,0
2023-11-09,sh.605228,12.0,12.0,11.41,11.75,6267900,73250241.0,6.3713,-2.2463,0,0
2023-11-10,sh.605228,11.66,11.86,11.52,11.59,3918900,45619694.0,3.9835,-1.3617,0,0
2023-11-13,sh.605228,11.65,12.08,11.45,11.85,5954900,70376764.0,6.0531,2.2433,0,0
2023-11-14,sh.605228,11.97,12.5,11.75,12.29,10927100,133151687.0,11.1073,3.7131,0,0
2023-11-15,sh.605228,12.35,12.5,12.04,12.43,9743600,119919884.0,9.9043,1.1391,0,0
2023-11-16,sh.605228,12.33,13.67,12.25,12.96,26288607,345909551.78,26.7222,4.2639,0,0
2023-11-17,sh.605228,12.71,14.25,12.66,13.55,28158627,378044139.5,28.6231,4.5525,0,0
2023-11-20,sh.605228,13.2,13.58,13.0,13.57,19352793,256595216.89,19.672,0.1476,0,0
2023-11-21,sh.605228,13.4,13.45,12.96,13.0,14334041,188891602.7,14.5705,-4.2004,0,0
2023-11-22,sh.605228,12.97,13.1,12.4,12.4,12915306,163448635.47,13.1283,-4.6154,0,0
2023-11-23,sh.605228,12.41,12.96,12.3,12.88,12040561,153180712.92,12.2392,3.871,0,0
2023-11-24,sh.605228,12.87,12.95,12.34,12.45,8685100,109710611.0,8.8284,-3.3385,0,0
2023-11-27,sh.605228,12.58,13.7,12.52,13.4,18087117,236134791.15,18.3854,7.6305,0,0
2023-11-28,sh.605228,13.81,14.74,13.72,14.74,19009059,272192804.63,19.3226,10.0,1,0
2023-11-29,sh.605228,16.21,16.21,16.21,16.21,3418922,55420725.62,3.4753,9.9729,1,0
2023-11-30,sh.605228,16.41,16.41,14.59,14.6,48951679,747409497.86,49.7591,-9.9321,0,1
2023-12-01,sh.605228,13.81,14.01,13.14,13.15,36544606,486282023.52,37.1474,-9.9315,0,1
2023-12-04,sh.605228,13.14,14.47,12.98,14.22,43873059,616730356.36,44.5967,8.1369,0,0
2023-12-05,sh.605228,13.9,14.97,13.55,14.19,36174598,513750669.4,36.7713,-0.211,0,0
2023-12-06,sh.605228,13.99,14.35,13.31,13.71,25434200,349764089.0,25.8537,-3.3827,0,0
2023-12-07,sh.605228,13.47,13.48,12.5,12.58,22013122,280906559.82,22.3762,-8.2422,0,0
2023-12-08,sh.605228,12.52,12.62,11.7,11.8,18342014,219431702.27,18.6445,-6.2003,0,0
2023-12-11,sh.605228,11.59,12.03,11.49,11.85,11479700,135833333.48,11.669,0.4237,0,0
2023-12-12,sh.605228,11.89,12.0,11.72,11.88,8501000,100440063.0,8.6412,0.2532,0,0
2023-12-13,sh.605228,11.9,12.69,11.9,12.29,17743369,219743052.49,18.036,3.4512,0,0
2023-12-14,sh.605228,12.3,12.42,11.84,11.94,12642500,152344434.93,12.851,-2.8478,0,0
2023-12-15,sh.605228,11.8,12.16,11.69,12.16,8839200,105415053.0,8.985,1.8425,0,0
2023-12-18,sh.605228,12.15,12.56,11.96,12.3,9841817,121063880.42,10.0041,1.1513,0,0
2023-12-19,sh.605228,12.33,12.33,11.82,12.02,8040400,96178562.0,8.173,-2.2764,0,0
2023-12-20,sh.605228,11.98,12.17,11.63,11.63,7005500,82808629.0,7.121,-3.2446,0,0
2023-12-21,sh.605228,11.58,12.0,11.58,11.93,6509800,76940391.0,6.6172,2.5795,0,0
2023-12-22,sh.605228,11.9,12.08,11.62,11.68,6180700,73064769.0,6.2826,-2.0956,0,0
2023-12-25,sh.605228,11.89,11.92,11.26,11.91,6727596,78366748.64,6.8386,1.9692,0,0
2023-12-26,sh.605228,11.79,11.89,11.48,11.53,4568036,53274941.36,4.6434,-3.1906,0,0
2023-12-27,sh.605228,11.5,11.59,11.29,11.4,5656100,64543423.0,5.7494,-1.1275,0,0
2023-12-28,sh.605228,11.43,11.55,11.15,11.45,5541600,63112524.0,5.633,0.4386,0,0
2023-12-29,sh.605228,11.39,11.84,11.33,11.81,5215300,61110674.0,5.3013,3.1441,0,0
2024-01-02,sh.605228,11.88,11.99,11.65,11.75,4603934,54418761.12,4.6799,-0.508,0,0
2024-01-03,sh.605228,11.72,11.72,11.4,11.51,3647400,42015817.0,3.7076,-2.0426,0,0
2024-01-04,sh.605228,11.5,11.57,11.4,11.46,2735000,31420673.0,2.7801,-0.4344,0,0
2024-01-05,sh.605228,11.46,11.58,11.17,11.27,3121300,35492836.0,3.1728,-1.6579,0,0
2024-01-08,sh.605228,11.25,11.27,11.02,11.06,2981700,33183495.0,3.0309,-1.8634,0,0
2024-01-09,sh.605228,11.0,11.43,11.0,11.15,3185100,35799939.0,3.2376,0.8137,0,0
2024-01-10,sh.605228,11.25,11.25,10.88,10.93,2914800,32046878.0,2.9629,-1.9731,0,0
2024-01-11,sh.605228,10.98,11.25,10.91,11.22,2863400,31876215.0,2.9106,2.6532,0,0
2024-01-12,sh.605228,11.17,11.27,11.05,11.07,2132400,23719540.0,2.1676,-1.3369,0,0
2024-01-15,sh.605228,11.01,11.05,10.85,10.89,2477984,27077141.6,2.5189,-1.626,0,0
2024-01-16,sh.605228,11.0,11.0,10.7,10.86,2830000,30588690.0,2.8767,-0.2755,0,0
2024-01-17,sh.605228,10.85,10.85,10.46,10.48,3704600,39402624.0,3.7657,-3.4991,0,0
2024-01-18,sh.605228,10.43,10.56,10.07,10.42,4613600,47400644.0,4.6897,-0.5725,0,0
2024-01-19,sh.605228,10.72,10.72,10.21,10.23,2873300,29598787.0,2.9207,-1.8234,0,0
2024-01-22,sh.605228,10.2,10.3,9.58,9.65,3577900,35659186.0,0.8492,-5.6696,0,0
2024-01-23,sh.605228,9.73,9.79,9.51,9.7,3079600,29693686.0,0.7309,0.5181,0,0
2024-01-24,sh.605228,9.68,9.87,9.37,9.75,3082000,29696268.0,0.7315,0.5155,0,0
2024-01-25,sh.605228,9.79,10.28,9.6,10.22,4024800,40431832.0,0.9553,4.8205,0,0
2024-01-26,sh.605228,10.2,10.38,10.1,10.19,2649700,27114475.0,0.6289,-0.2935,0,0
2024-01-29,sh.605228,10.22,10.25,9.72,9.75,2407100,23784634.0,0.5713,-4.318,0,0
2024-01-30,sh.605228,9.67,9.82,9.41,9.49,2137400,20552860.0,0.5073,-2.6667,0,0
2024-01-31,sh.605228,9.52,9.6,8.92,8.92,4011622,36914821.18,0.9521,-6.0063,0,0
2024-02-01,sh.605228,8.94,9.2,8.76,8.94,3271950,29389233.5,0.7766,0.2242,0,0
2024-02-02,sh.605228,8.94,9.08,8.08,8.34,4372300,37255327.0,1.0377,-6.7114,0,0
2024-02-05,sh.605228,8.3,8.34,7.51,7.51,5162300,39422283.0,1.2252,-9.952,0,1
2024-02-06,sh.605228,6.88,7.52,6.76,7.08,8445700,58693711.0,2.0045,-5.7257,0,0
2024-02-07,sh.605228,7.28,7.28,6.52,6.61,12415447,84192335.24,2.9467,-6.6384,0,0
2024-02-08,sh.605228,6.77,7.27,6.18,7.27,11827585,81082958.39,2.8072,9.9849,1,0
2024-02-19,sh.605228,7.29,8.0,7.29,8.0,8825591,68857732.61,2.0947,10.0413,1,0
2024-02-20,sh.605228,7.96,8.29,7.76,8.21,6668438,54011021.91,1.5827,2.625,0,0
2024-02-21,sh.605228,8.1,8.79,8.08,8.46,6600220,56428062.61,1.5665,3.0451,0,0
2024-02-22,sh.605228,8.55,8.82,8.41,8.71,5013545,43150355.9,1.1899,2.9551,0,0
2024-02-23,sh.605228,8.74,9.1,8.7,9.08,4360013,38888796.05,1.0348,4.248,0,0
2024-02-26,sh.605228,9.1,9.39,9.03,9.13,5895800,54426720.0,1.3993,0.5507,0,0
2024-02-27,sh.605228,9.13,9.52,9.05,9.5,4908745,46175691.95,1.1651,4.0526,0,0
2024-02-28,sh.605228,9.51,9.67,8.55,8.55,8358352,76121031.52,1.9838,-10.0,0,1
2024-02-29,sh.605228,8.24,8.99,8.2,8.98,6055200,53029532.8,1.4372,5.0292,0,0
2024-03-01,sh.605228,9.14,9.2,8.96,9.11,4621861,41955045.38,1.097,1.4477,0,0
2024-03-04,sh.605228,9.11,9.26,8.86,9.11,5021700,45340646.0,1.1919,0.0,0,0
2024-03-05,sh.605228,9.06,9.17,8.8,8.84,5367200,48087076.0,1.2739,-2.9638,0,0
2024-03-06,sh.605228,8.96,9.07,8.75,8.99,3691800,32920293.0,0.8762,1.6968,0,0
2024-03-07,sh.605228,9.05,9.16,8.79,8.8,3649600,32688774.0,0.8662,-2.1135,0,0
2024-03-08,sh.605228,8.89,8.95,8.72,8.92,3575905,31708756.95,0.8487,1.3636,0,0
2024-03-11,sh.605228,8.95,9.37,8.91,9.3,5641645,52090774.18,1.339,4.2601,0,0
2024-03-12,sh.605228,9.29,10.23,9.18,10.23,10716913,104506192.7,2.5436,10.0,1,0
2024-03-13,sh.605228,10.45,11.25,10.2,10.48,23473005,250305363.65,5.5712,2.4438,0,0
2024-03-14,sh.605228,10.23,10.84,10.08,10.68,17779100,184728537.5,4.2198,1.9084,0,0
2024-03-15,sh.605228,10.37,11.45,10.31,11.21,18553355,205028455.11,4.4035,4.9625,0,0
2024-03-18,sh.605228,11.16,11.76,11.08,11.64,13358240,152145455.23,3.1705,3.8359,0,0
2024-03-19,sh.605228,11.39,11.77,11.2,11.42,10262605,117856550.95,2.4358,-1.89,0,0
2024-03-20,sh.605228,11.39,11.73,11.33,11.51,8266400,95480490.0,1.962,0.7881,0,0
2024-03-21,sh.605228,11.49,11.62,11.3,11.4,6646747,75970030.45,1.5776,-0.9557,0,0
2024-03-22,sh.605228,11.36,11.42,10.98,11.16,7049400,78399485.0,1.6731,-2.1053,0,0
2024-03-25,sh.605228,11.0,11.02,10.48,10.57,8077505,86771413.35,1.9171,-5.2867,0,0
2024-03-26,sh.605228,10.58,10.73,10.37,10.48,4644800,48885411.0,1.1024,-0.8515,0,0
2024-03-27,sh.605228,10.49,10.5,10.14,10.15,3592600,37053948.0,0.8527,-3.1489,0,0
2024-03-28,sh.605228,10.09,10.8,10.09,10.61,6178999,65149693.35,1.4665,4.532,0,0
2024-03-29,sh.605228,10.6,10.69,10.36,10.6,3498400,36759601.0,0.8303,-0.0943,0,0
2024-04-01,sh.605228,10.6,10.96,10.54,10.9,4141600,44838883.0,0.983,2.8302,0,0
2024-04-02,sh.605228,10.9,10.9,10.49,10.67,3908905,41660998.63,0.9277,-2.1101,0,0
2024-04-03,sh.605228,10.61,10.77,10.41,10.57,3568700,37765267.0,0.847,-0.9372,0,0
2024-04-08,sh.605228,10.53,11.18,10.39,10.78,6488699,70216675.19,1.54,1.9868,0,0
2024-04-09,sh.605228,10.57,10.9,10.56,10.8,4261600,45873160.0,1.0115,0.1855,0,0
2024-04-10,sh.605228,10.75,10.76,10.36,10.45,4125700,43395124.0,0.9792,-3.2407,0,0
2024-04-11,sh.605228,10.46,10.72,10.34,10.5,3027000,31957030.0,0.7184,0.4785,0,0
2024-04-12,sh.605228,10.53,10.69,10.33,10.35,3039300,31889484.0,0.7213,-1.4286,0,0
2024-04-15,sh.605228,10.33,10.42,9.32,9.57,6412000,62257577.0,1.5218,-7.5362,0,0
2024-04-16,sh.605228,9.45,9.56,8.61,8.61,7113900,62154184.5,1.6884,-10.0313,0,1
2024-04-17,sh.605228,8.7,9.47,8.61,9.47,5336000,49143809.0,1.2664,9.9884,1,0
2024-04-18,sh.605228,9.82,10.02,9.32,9.75,6960400,67922974.0,1.652,2.9567,0,0
2024-04-19,sh.605228,9.87,10.06,9.6,9.7,3766500,36725251.0,0.8939,-0.5128,0,0
2024-04-22,sh.605228,9.4,9.58,9.16,9.44,3546600,33437254.0,0.8418,-2.6804,0,0
2024-04-23,sh.605228,9.61,9.75,9.37,9.62,2951500,28384427.0,0.7005,1.9068,0,0
2024-04-24,sh.605228,9.62,10.58,9.55,10.58,4889100,49498081.0,1.1604,9.9792,1,0
2024-04-25,sh.605228,11.0,11.26,10.14,10.34,14283300,150155246.0,3.39,-2.2684,0,0
2024-04-26,sh.605228,10.24,10.53,10.14,10.49,10286199,107231048.54,2.4413,1.4507,0,0
2024-04-29,sh.605228,10.55,10.92,10.49,10.74,7492300,80166367.0,1.7782,2.3832,0,0
2024-04-30,sh.605228,11.0,11.5,10.75,10.89,10199100,112006255.0,2.4207,1.3966,0,0
2024-05-06,sh.605228,10.98,11.32,10.98,11.15,9993600,111477327.0,2.3719,2.3875,0,0
2024-05-07,sh.605228,11.14,11.14,10.93,11.05,4582600,50470548.0,1.0876,-0.8969,0,0
2024-05-08,sh.605228,11.0,11.2,10.81,10.9,3775600,41540167.0,0.8961,-1.3575,0,0
2024-05-09,sh.605228,10.72,11.22,10.72,11.13,4491200,49726931.0,1.0659,2.1101,0,0
2024-05-10,sh.605228,11.16,11.21,10.9,11.0,2856700,31461944.0,0.678,-1.168,0,0
2024-05-13,sh.605228,10.85,10.99,10.61,10.65,3385700,36338210.0,0.8036,-3.1818,0,0
2024-05-14,sh.605228,10.65,11.02,10.65,10.9,2949573,32021415.24,0.7001,2.3474,0,0
2024-05-15,sh.605228,10.84,11.0,10.69,10.71,1720000,18616846.0,0.4082,-1.7431,0,0
2024-05-16,sh.605228,10.71,11.08,10.66,10.98,4639600,50792566.0,1.1012,2.521,0,0
2024-05-17,sh.605228,11.0,11.67,10.76,11.63,13392617,152208522.34,3.1786,5.9199,0,0
2024-05-20,sh.605228,11.52,11.52,11.12,11.29,7908200,88990816.0,1.8769,-2.9235,0,0
2024-05-21,sh.605228,11.2,11.37,10.9,11.04,4741900,52473554.0,1.1254,-2.2143,0,0
2024-05-22,sh.605228,11.0,11.35,10.91,11.2,4304400,47801038.0,1.0216,1.4493,0,0
2024-05-23,sh.605228,11.08,11.3,10.91,10.94,3943700,43459609.0,0.936,-2.3214,0,0
2024-05-24,sh.605228,10.86,10.99,10.64,10.66,3521100,37914822.0,0.833,-2.5594,0,0
2024-05-27,sh.605228,10.66,10.75,10.16,10.53,5780000,59906091.0,1.3675,-1.2195,0,0
2024-05-28,sh.605228,10.59,10.59,10.29,10.3,2769600,28813293.0,0.6552,-2.1842,0,0
2024-05-29,sh.605228,10.3,10.55,10.3,10.48,2121200,22144659.0,0.5018,1.7476,0,0
2024-05-30,sh.605228,10.45,10.7,10.28,10.34,2997800,31461277.0,0.7092,-1.3359,0,0
2024-05-31,sh.605228,10.34,10.68,10.31,10.54,4406400,46349017.0,1.0425,1.9342,0,0
2024-06-03,sh.605228,10.45,10.65,9.93,10.0,5111500,51868358.0,1.2093,-5.1233,0,0
2024-06-04,sh.605228,10.0,10.05,9.76,9.87,3619300,35720341.0,0.8563,-1.3,0,0
2024-06-05,sh.605228,9.86,10.02,9.55,9.65,3817000,37211419.0,0.903,-2.229,0,0
2024-06-06,sh.605228,9.65,9.68,8.9,8.98,6673280,60642280.0,1.5788,-6.943,0,0
2024-06-07,sh.605228,9.13,9.3,9.05,9.22,4573900,41935349.0,1.0821,2.6726,0,0
2024-06-11,sh.605228,9.2,9.4,8.92,9.34,4702845,42986470.9,1.1126,1.3015,0,0
2024-06-12,sh.605228,9.3,9.65,9.3,9.55,3262400,31085069.0,0.7718,2.2484,0,0
2024-06-13,sh.605228,9.55,9.69,9.35,9.43,3402400,32311214.0,0.805,-1.2565,0,0
2024-06-14,sh.605228,9.56,9.56,9.22,9.42,2326200,21691564.0,0.5503,-0.106,0,0
2024-06-17,sh.605228,9.48,9.57,9.2,9.2,3310900,30810872.0,0.7833,-2.3355,0,0
2024-06-18,sh.605228,9.2,9.62,9.17,9.6,3821250,36131804.0,0.904,4.8035,0,0
2024-06-19,sh.605228,9.56,9.72,9.49,9.58,2791900,26804908.0,0.6605,-0.2083,0,0
2024-06-20,sh.605228,9.57,9.68,9.17,9.2,2532200,23637220.0,0.5991,-3.9666,0,0
2024-06-21,sh.605228,9.25,9.35,9.03,9.1,2387900,21830730.0,0.5649,-1.087,0,0
2024-06-24,sh.605228,9.12,9.12,8.59,8.62,3111200,27196963.0,0.7361,-5.2747,0,0
2024-06-25,sh.605228,8.55,8.86,8.55,8.76,3438400,30116613.0,0.8135,1.6241,0,0
2024-06-26,sh.605228,8.74,9.08,8.57,9.05,3052600,26925575.0,0.7222,3.3105,0,0
2024-06-27,sh.605228,9.05,9.1,8.72,8.72,2457500,21783309.0,0.5814,-3.6464,0,0
2024-06-28,sh.605228,8.64,8.88,8.49,8.58,3893250,33809494.5,0.9211,-1.6055,0,0
2024-07-01,sh.605228,8.52,8.67,8.43,8.51,2659300,22698235.0,0.6291,-0.8159,0,0
2024-07-02,sh.605228,8.54,8.68,8.49,8.52,2009200,17202104.0,0.4753,0.1175,0,0
2024-07-03,sh.605228,8.56,8.62,8.32,8.36,2926800,24676147.0,0.6924,-1.8779,0,0
2024-07-04,sh.605228,9.2,9.2,8.82,9.2,13416200,122685245.0,3.1741,10.0478,1,0
2024-07-05,sh.605228,8.97,9.65,8.69,9.42,26295791,239354079.71,6.2212,2.3913,0,0
2024-07-08,sh.605228,9.01,9.3,8.88,9.1,15441700,139966659.0,3.6533,-3.397,0,0
2024-07-09,sh.605228,8.96,9.5,8.85,9.48,18705232,173198368.43,4.4254,4.1758,0,0
2024-07-10,sh.605228,9.35,9.96,9.32,9.96,21729800,210345588.0,5.1409,5.0633,0,0
2024-07-11,sh.605228,9.89,9.98,9.66,9.89,15959148,156849753.26,3.7757,-0.7028,0,0
2024-07-12,sh.605228,9.76,9.86,9.63,9.7,8747800,85110703.1,2.0696,-1.9211,0,0
2024-07-15,sh.605228,9.69,9.73,9.4,9.43,8049491,76696440.86,1.9044,-2.7835,0,0
2024-07-16,sh.605228,9.34,9.58,9.27,9.4,8184490,76862154.1,1.9363,-0.3181,0,0
2024-07-17,sh.605228,9.45,9.45,8.75,8.8,11109400,99673689.4,2.6283,-6.383,0,0
2024-07-18,sh.605228,8.8,9.46,8.51,9.05,11382700,103232851.0,2.693,2.8409,0,0
2024-07-19,sh.605228,8.73,9.2,8.69,8.9,8784000,78528765.0,2.0782,-1.6575,0,0
2024-07-22,sh.605228,8.71,8.93,8.7,8.81,5391700,47438147.0,1.2756,-1.0112,0,0
2024-07-23,sh.605228,8.81,8.9,8.56,8.6,5803800,50912043.0,1.3731,-2.3837,0,0
2024-07-24,sh.605228,8.58,8.59,8.21,8.25,6226818,52022546.32,1.4732,-4.0698,0,0
2024-07-25,sh.605228,8.15,8.29,7.99,8.2,4075400,33155583.0,0.9642,-0.6061,0,0
2024-07-26,sh.605228,8.21,8.61,8.21,8.37,5823700,49180058.0,1.3778,2.0732,0,0
2024-07-29,sh.605228,8.4,8.51,8.29,8.41,3596191,30249736.13,0.8508,0.4779,0,0
2024-07-30,sh.605228,8.41,8.41,8.22,8.34,3180600,26460807.0,0.7525,-0.8323,0,0
2024-07-31,sh.605228,8.34,8.68,8.3,8.66,5051801,43225066.34,1.1952,3.8369,0,0
2024-08-01,sh.605228,8.71,8.78,8.58,8.63,5232400,45338982.0,1.2379,-0.3464,0,0
2024-08-02,sh.605228,8.55,8.67,8.46,8.5,3905799,33494770.51,0.9241,-1.5064,0,0
2024-08-05,sh.605228,8.47,8.57,8.11,8.11,4344900,36085946.0,1.0279,-4.5882,0,0
2024-08-06,sh.605228,8.19,8.36,8.17,8.27,3025499,24934203.73,0.7158,1.9729,0,0
2024-08-07,sh.605228,8.25,8.38,8.21,8.31,2663000,22136189.0,0.63,0.4837,0,0
2024-08-08,sh.605228,8.28,8.33,8.07,8.21,2874000,23547390.0,0.6799,-1.2034,0,0
2024-08-09,sh.605228,8.22,8.32,8.16,8.17,2297100,18872692.0,0.5435,-0.4872,0,0
2024-08-12,sh.605228,8.12,8.18,8.02,8.07,2233800,18054248.0,0.5285,-1.224,0,0
2024-08-13,sh.605228,8.09,8.69,8.01,8.48,7657652,64374480.96,1.8117,5.0805,0,0
2024-08-14,sh.605228,8.45,8.45,8.25,8.27,4936300,41028003.0,1.1679,-2.4764,0,0
2024-08-15,sh.605228,8.25,8.35,8.14,8.28,3477900,28781121.0,0.8228,0.1209,0,0
2024-08-16,sh.605228,8.3,8.34,8.25,8.25,2485500,20622861.0,0.588,-0.3623,0,0
2024-08-19,sh.605228,8.22,8.34,8.08,8.1,2767200,22674484.0,0.6547,-1.8182,0,0
2024-08-20,sh.605228,8.1,8.17,7.96,7.99,3329900,26784025.0,0.7878,-1.358,0,0
2024-08-21,sh.605228,7.98,8.04,7.92,8.01,1952900,15588823.0,0.462,0.2503,0,0
2024-08-22,sh.605228,8.01,8.05,7.76,7.76,3078100,24174104.0,0.7282,-3.1211,0,0
2024-08-23,sh.605228,7.77,7.87,7.7,7.84,2373100,18524626.0,0.5614,1.0309,0,0
2024-08-26,sh.605228,7.84,7.97,7.78,7.96,1785100,14125621.0,0.4223,1.5306,0,0
2024-08-27,sh.605228,7.96,7.99,7.75,7.77,1836600,14401935.0,0.4345,-2.3869,0,0
2024-08-28,sh.605228,7.68,7.89,7.61,7.83,2478600,19339305.0,0.5864,0.7722,0,0
2024-08-29,sh.605228,7.8,7.96,7.71,7.94,2891173,22754808.22,0.684,1.4049,0,0
2024-08-30,sh.605228,7.93,8.2,7.82,8.11,3424800,27784862.0,0.8103,2.1411,0,0
2024-09-02,sh.605228,8.15,8.16,7.96,7.96,2592100,20895900.0,0.6132,-1.8496,0,0
2024-09-03,sh.605228,7.98,8.07,7.95,8.04,1985000,15906603.0,0.4696,1.005,0,0
2024-09-04,sh.605228,7.97,8.1,7.96,8.04,2031800,16325153.0,0.4807,0.0,0,0
2024-09-05,sh.605228,8.05,8.19,8.05,8.14,2243500,18267873.0,0.5308,1.2438,0,0
2024-09-06,sh.605228,8.2,8.95,8.18,8.55,16719002,145424211.82,3.9555,5.0369,0,0
2024-09-09,sh.605228,8.28,8.53,8.19,8.34,12050547,100077818.68,2.851,-2.4561,0,0
2024-09-10,sh.605228,8.22,8.27,7.96,8.16,7496173,60628302.99,1.7735,-2.1583,0,0
2024-09-11,sh.605228,8.14,8.14,7.95,7.97,3926000,31442500.0,0.9288,-2.3284,0,0
2024-09-12,sh.605228,8.03,8.1,7.96,7.97,3423800,27492427.0,0.81,0.0,0,0
2024-09-13,sh.605228,8.08,8.08,7.88,7.88,3044000,24193284.97,0.7202,-1.1292,0,0
2024-09-18,sh.605228,7.84,7.9,7.63,7.76,3650400,28253503.83,0.8636,-1.5228,0,0
2024-09-19,sh.605228,7.76,7.94,7.75,7.92,2524300,19838989.0,0.5972,2.0619,0,0
2024-09-20,sh.605228,7.9,7.94,7.82,7.85,2156300,16953669.0,0.5101,-0.8838,0,0
2024-09-23,sh.605228,7.81,7.92,7.73,7.88,1905645,14986366.7,0.4508,0.3822,0,0
2024-09-24,sh.605228,7.9,8.14,7.83,8.12,4223300,33847417.0,0.9992,3.0457,0,0
2024-09-25,sh.605228,8.13,8.42,8.13,8.21,5584100,46337388.0,1.3211,1.1084,0,0
2024-09-26,sh.605228,8.15,8.94,8.15,8.68,11887210,102185637.2,2.8123,5.7247,0,0
2024-09-27,sh.605228,8.6,9.0,8.5,8.93,8693565,76223980.6,2.0568,2.8802,0,0
2024-09-30,sh.605228,9.21,9.73,8.99,9.69,12736209,119623932.67,3.0132,8.5106,0,0
2024-10-08,sh.605228,10.59,10.65,9.48,10.18,14143317,142673417.36,3.3461,5.0568,0,0
2024-10-09,sh.605228,9.8,9.8,9.16,9.17,9917000,94164749.0,2.3462,-9.9214,0,1
2024-10-10,sh.605228,9.33,9.48,9.0,9.19,7044545,65013016.8,1.6666,0.2181,0,0
2024-10-11,sh.605228,9.2,9.2,8.68,8.78,5776500,51269514.0,1.3666,-4.4614,0,0
2024-10-14,sh.605228,8.78,8.98,8.61,8.95,4158700,36766287.0,0.9839,1.9362,0,0
2024-10-15,sh.605228,8.93,9.05,8.78,8.8,3604100,32118386.0,0.8527,-1.676,0,0
2024-10-16,sh.605228,8.7,8.86,8.64,8.73,4020900,35108321.0,0.9513,-0.7955,0,0
2024-10-17,sh.605228,8.76,8.89,8.63,8.63,3611700,31615990.0,0.8545,-1.1455,0,0
2024-10-18,sh.605228,8.68,9.03,8.59,8.93,6496783,57404059.17,1.537,3.4762,0,0
2024-10-21,sh.605228,8.94,9.03,8.87,8.93,6695383,59948179.02,1.584,0.0,0,0
2024-10-22,sh.605228,8.95,9.2,8.9,9.12,5406100,49108601.0,1.279,2.1277,0,0
2024-10-23,sh.605228,9.14,9.28,9.08,9.12,5253100,48119502.0,1.2428,0.0,0,0
2024-10-24,sh.605228,9.1,9.18,9.03,9.08,4189700,38068125.0,0.9912,-0.4386,0,0
2024-10-25,sh.605228,9.1,9.25,9.06,9.11,6411400,58700759.0,1.5168,0.3304,0,0
2024-10-28,sh.605228,9.1,9.16,9.04,9.14,7566402,68786554.14,1.7901,0.3293,0,0
2024-10-29,sh.605228,9.14,9.3,8.81,8.83,9368400,84698784.0,2.2164,-3.3917,0,0
2024-10-30,sh.605228,8.4,8.68,8.4,8.52,9892800,84306548.0,2.3405,-3.5108,0,0
2024-10-31,sh.605228,8.51,8.56,8.33,8.4,7212200,60754483.0,1.7063,-1.4085,0,0
2024-11-01,sh.605228,8.37,8.4,8.0,8.06,8885600,72168621.0,2.1022,-4.0476,0,0
2024-11-04,sh.605228,8.24,8.49,8.15,8.42,9135901,76751621.42,2.1614,4.4665,0,0
2024-11-05,sh.605228,8.48,8.54,8.27,8.54,6660800,56392721.0,1.5758,1.4252,0,0
2024-11-06,sh.605228,8.52,8.7,8.43,8.67,8541200,73370662.0,2.0207,1.5222,0,0
2024-11-07,sh.605228,8.76,9.1,8.7,9.05,10950300,98250945.0,2.5906,4.3829,0,0
2024-11-08,sh.605228,9.04,9.22,8.96,9.09,9530400,86459897.0,2.2547,0.442,0,0
2024-11-11,sh.605228,9.1,9.5,9.1,9.5,11622400,108543394.0,2.7497,4.5105,0,0
2024-11-12,sh.605228,9.7,9.73,9.2,9.31,10913200,103155559.0,2.5819,-2.0,0,0
2024-11-13,sh.605228,9.3,9.32,8.95,9.24,7491118,68321635.83,1.7723,-0.7519,0,0
2024-11-14,sh.605228,9.16,9.24,8.92,8.96,5240500,47472828.0,1.2398,-3.0303,0,0
2024-11-15,sh.605228,8.88,9.01,8.72,8.75,5281100,46795233.0,1.2494,-2.3438,0,0
2024-11-18,sh.605228,8.75,9.63,8.45,9.33,25580153,238293818.49,6.0518,6.6286,0,0
2024-11-19,sh.605228,9.2,10.21,9.17,10.16,32278649,306822638.1,7.6366,8.896,0,0
2024-11-20,sh.605228,9.7,10.58,9.51,10.28,26722163,265736557.08,6.322,1.1811,0,0
2024-11-21,sh.605228,10.01,10.25,9.82,9.92,14553927,145272972.36,3.4432,-3.5019,0,0
2024-11-22,sh.605228,9.95,10.13,9.39,9.54,13993690,136448180.8,3.3107,-3.8306,0,0
2024-11-25,sh.605228,9.7,10.2,9.64,9.91,14863500,146486434.0,3.5164,3.8784,0,0
2024-11-26,sh.605228,9.89,10.04,9.61,9.65,9069695,88758348.3,2.1457,-2.6236,0,0
2024-11-27,sh.605228,10.62,10.62,10.34,10.62,14381284,152639465.08,3.4024,10.0518,1,0
2024-11-28,sh.605228,10.65,11.68,10.4,10.98,38048866,416161584.53,9.0017,3.3898,0,0
2024-11-29,sh.605228,10.56,10.9,10.23,10.5,22127870,231948264.09,5.2351,-4.3716,0,0
2024-12-02,sh.605228,10.34,10.88,10.23,10.79,20301397,214390638.22,4.8029,2.7619,0,0
2024-12-03,sh.605228,10.68,10.68,10.32,10.43,12632447,132136663.21,2.9886,-3.3364,0,0
2024-12-04,sh.605228,10.48,10.49,9.97,10.23,10033213,102205175.73,2.3737,-1.9175,0,0
2024-12-05,sh.605228,10.45,10.7,10.15,10.64,14868813,156098489.32,3.5177,4.0078,0,0
2024-12-06,sh.605228,10.89,11.25,10.65,10.76,20043570,218649533.9,4.742,1.1278,0,0
2024-12-09,sh.605228,10.49,11.84,10.45,11.13,33075329,375839081.49,7.825,3.4387,0,0
2024-12-10,sh.605228,11.13,11.58,10.79,11.37,28633618,316819908.47,6.7742,2.1563,0,0
2024-12-11,sh.605228,11.22,12.02,11.09,11.36,22112818,252822274.03,5.2315,-0.088,0,0
2024-12-12,sh.605228,11.3,11.35,10.91,11.08,12018700,132861909.0,2.8434,-2.4648,0,0
2024-12-13,sh.605228,11.07,12.19,10.86,12.19,30686577,363992227.03,7.2599,10.0181,1,0
2024-12-16,sh.605228,12.0,12.08,11.32,11.47,28745045,336013200.5,6.8006,-5.9065,0,0
2024-12-17,sh.605228,11.47,11.66,10.46,10.61,20298940,220879491.8,4.8024,-7.4978,0,0
2024-12-18,sh.605228,11.67,11.67,11.67,11.67,7887700,92049459.0,1.8661,9.9906,1,0
2024-12-19,sh.605228,11.13,12.28,10.6,11.74,32599890,375986731.3,7.7125,0.5998,0,0
2024-12-20,sh.605228,11.3,11.8,11.23,11.54,17155076,197657432.96,4.0556,-1.7036,0,0
2024-12-23,sh.605228,11.75,11.99,11.02,11.16,14330700,163013436.15,3.3879,-3.2929,0,0
2024-12-24,sh.605228,11.2,11.66,10.71,11.16,12312690,136970881.4,2.9107,0.0,0,0
2024-12-25,sh.605228,10.97,11.02,10.04,10.12,15097027,155730698.08,3.569,-9.319,0,0
2024-12-26,sh.605228,9.92,10.4,9.9,10.16,8350900,84804736.0,1.9742,0.3953,0,0
2024-12-27,sh.605228,10.35,10.59,10.22,10.35,9613700,100255402.0,2.2727,1.8701,0,0
2024-12-30,sh.605228,10.35,10.99,10.01,10.48,10080800,106230671.55,2.3831,1.256,0,0
2024-12-31,sh.605228,10.57,11.19,10.52,10.79,12806017,138586459.66,3.0274,2.958,0,0
2025-01-02,sh.605228,10.47,10.73,10.0,10.25,9761200,101193110.88,2.3076,-5.0046,0,0
2025-01-03,sh.605228,10.45,11.07,10.31,10.57,14928997,159050388.74,3.5292,3.122,0,0
2025-01-06,sh.605228,10.24,10.5,9.71,9.91,10919484,109583427.72,2.5814,-6.2441,0,0
2025-01-07,sh.605228,9.86,10.08,9.46,9.92,8924389,86481634.58,2.1097,0.1009,0,0
2025-01-08,sh.605228,9.8,9.8,9.16,9.48,8815800,83443713.0,2.0841,-4.4355,0,0
2025-01-09,sh.605228,9.35,9.67,9.3,9.54,5808600,55232552.0,1.3732,0.6329,0,0
2025-01-10,sh.605228,9.54,9.81,9.35,9.35,5995600,57651947.0,1.4174,-1.9916,0,0
2025-01-13,sh.605228,9.13,9.35,8.98,9.13,4370500,39888833.0,1.0332,-2.3529,0,0
2025-01-14,sh.605228,9.17,9.59,9.15,9.59,6491505,61015490.45,1.5346,5.0383,0,0
2025-01-15,sh.605228,9.6,9.65,9.38,9.44,4885200,46341301.0,1.1549,-1.5641,0,0
2025-01-16,sh.605228,9.48,9.64,9.3,9.4,4118800,38971932.0,0.9737,-0.4237,0,0
2025-01-17,sh.605228,9.4,9.54,9.31,9.52,3728100,35093809.0,0.8813,1.2766,0,0
2025-01-20,sh.605228,9.5,9.88,9.48,9.79,5733400,55710738.0,1.3554,2.8361,0,0
2025-01-21,sh.605228,9.8,9.92,9.69,9.85,3863800,37855121.0,0.9134,0.6129,0,0
2025-01-22,sh.605228,9.85,9.85,9.56,9.69,4293200,41472745.0,1.0149,-1.6244,0,0
2025-01-23,sh.605228,9.73,10.1,9.66,9.79,8180400,80778938.24,1.9339,1.032,0,0
2025-01-24,sh.605228,9.69,10.02,9.69,9.94,5540200,54695565.0,1.3097,1.5322,0,0
2025-01-27,sh.605228,9.7,9.84,9.17,9.25,8395000,79241290.0,1.9846,-6.9416,0,0
2025-02-05,sh.605228,9.25,9.28,9.1,9.21,4757300,43650961.0,1.1246,-0.4324,0,0
2025-02-06,sh.605228,9.19,9.82,9.16,9.79,6575400,62638381.0,1.5544,6.2975,0,0
2025-02-07,sh.605228,10.77,10.77,10.77,10.77,4854997,52288317.69,1.1477,10.0102,1,0
2025-02-10,sh.605228,10.75,11.0,10.31,10.98,18985997,202724175.23,4.4883,1.9499,0,0
2025-02-11,sh.605228,10.8,11.32,10.48,10.66,13862600,148303787.0,3.2771,-2.9144,0,0
2025-02-12,sh.605228,10.58,10.78,10.4,10.75,10594207,112622414.62,2.5045,0.8443,0,0
2025-02-13,sh.605228,10.7,10.76,10.39,10.39,7457945,78659190.45,1.7631,-3.3488,0,0
2025-02-14,sh.605228,10.41,10.62,10.3,10.38,7245145,75658601.65,1.7128,-0.0962,0,0
2025-02-17,sh.605228,10.4,10.51,10.23,10.49,5676300,59077359.87,1.3419,1.0597,0,0
2025-02-18,sh.605228,10.48,10.49,10.08,10.16,5055700,51942765.0,1.1952,-3.1459,0,0
2025-02-19,sh.605228,10.17,10.58,10.13,10.58,6853345,71605716.6,1.6201,4.1339,0,0
2025-02-20,sh.605228,10.64,10.76,10.44,10.6,6587545,69670237.15,1.5573,0.189,0,0
2025-02-21,sh.605228,10.6,10.63,10.38,10.58,6200345,65130631.4,1.4658,-0.1887,0,0
2025-02-24,sh.605228,10.62,11.15,10.41,10.69,14497699,156842893.56,3.4273,1.0397,0,0
2025-02-25,sh.605228,11.7,11.7,10.6,10.77,17393762,191703335.84,4.1119,0.7484,0,0
2025-02-26,sh.605228,10.5,10.7,10.31,10.55,12040097,126460366.5,2.8463,-2.0427,0,0
2025-02-27,sh.605228,10.51,10.55,10.12,10.33,8037700,82971171.0,1.9001,-2.0853,0,0
2025-02-28,sh.605228,10.27,10.33,9.95,9.97,5894400,59403786.0,1.3934,-3.485,0,0
2025-03-03,sh.605228,9.95,10.1,9.86,9.98,3420400,34251010.0,0.8086,0.1003,0,0
2025-03-04,sh.605228,9.94,10.98,9.85,10.98,22517572,243319057.56,5.3232,10.02,1,0
2025-03-05,sh.605228,10.86,11.97,10.61,11.56,35166472,391563735.4,8.3134,5.2823,0,0
2025-03-06,sh.605228,11.72,12.72,11.3,12.72,30681859,373463325.88,7.2532,10.0346,1,0
2025-03-07,sh.605228,12.58,13.08,12.11,12.54,29393643,366911627.99,6.9487,-1.4151,0,0
2025-03-10,sh.605228,13.04,13.79,12.79,13.06,37242739,497886127.47,8.8042,4.1467,0,0
2025-03-11,sh.605228,12.52,13.08,12.4,12.85,21668681,275776633.24,5.1225,-1.608,0,0
2025-03-12,sh.605228,14.14,14.14,13.4,14.14,22004769,308594986.66,5.202,10.0389,1,0
2025-03-13,sh.605228,13.95,13.95,12.73,12.73,30156369,391452290.39,7.129,-9.9717,0,1
2025-03-14,sh.605228,12.71,13.5,12.31,13.11,23806116,304415158.36,5.6278,2.9851,0,0
2025-03-17,sh.605228,12.95,13.85,12.85,13.25,19586639,262045827.2,4.6303,1.0679,0,0
2025-03-18,sh.605228,13.45,13.59,12.97,13.03,11695512,153954992.1,2.7648,-1.6604,0,0
2025-03-19,sh.605228,13.02,13.1,12.66,12.76,10697274,136844237.54,2.5289,-2.0721,0,0
2025-03-20,sh.605228,12.72,13.0,12.41,12.61,8227506,104165683.08,1.945,-1.1755,0,0
2025-03-21,sh.605228,12.48,12.49,11.79,11.82,10789400,129538223.0,2.5506,-6.2649,0,0
2025-03-24,sh.605228,11.81,11.81,11.18,11.43,5769900,66113750.0,1.364,-3.2995,0,0
2025-03-25,sh.605228,11.43,11.47,10.96,11.03,7163800,80078621.0,1.6935,-3.4996,0,0
2025-03-26,sh.605228,10.94,11.25,10.94,11.07,5867900,65142317.0,1.3872,0.3626,0,0
2025-03-27,sh.605228,11.0,11.07,10.76,10.94,4515400,49349207.0,1.0674,-1.1743,0,0
2025-03-28,sh.605228,10.9,11.02,10.79,10.83,3302300,35954304.0,0.7807,-1.0055,0,0
2025-03-31,sh.605228,10.77,10.88,10.0,10.23,11318100,116078346.0,2.6756,-5.5402,0,0
2025-04-01,sh.605228,10.26,10.55,10.25,10.36,7135200,74209545.0,1.6737,1.2708,0,0
2025-04-02,sh.605228,11.4,11.4,11.4,11.4,5793828,66049639.2,1.3591,10.0386,1,0
2025-04-03,sh.605228,11.2,11.26,10.76,10.9,22208810,244581784.6,5.2095,-4.386,0,0
2025-04-07,sh.605228,9.91,10.2,9.81,9.81,7246500,71437084.0,1.6998,-10.0,0,1
2025-04-08,sh.605228,9.2,9.58,8.83,8.83,17575743,158860360.64,4.1228,-9.9898,0,1
2025-04-09,sh.605228,8.7,9.03,8.01,8.94,12005519,102980408.57,2.8161,1.2458,0,0
2025-04-10,sh.605228,9.17,9.4,9.13,9.23,9840300,91409562.0,2.3083,3.2438,0,0
2025-04-11,sh.605228,9.26,9.65,9.1,9.51,8628800,81499798.0,2.0241,3.0336,0,0
2025-04-14,sh.605228,9.55,9.84,9.55,9.61,8209700,79407312.0,1.9258,1.0515,0,0
2025-04-15,sh.605228,9.64,9.75,9.5,9.61,3987800,38315583.0,0.9354,0.0,0,0
2025-04-16,sh.605228,9.61,9.71,9.28,9.43,4998200,47358236.0,1.1724,-1.873,0,0
2025-04-17,sh.605228,9.42,9.51,9.29,9.39,3105300,29288676.0,0.7284,-0.4242,0,0
2025-04-18,sh.605228,9.45,9.95,9.39,9.52,5372700,51377408.0,1.2603,1.3845,0,0
2025-04-21,sh.605228,9.45,9.85,9.35,9.75,6335000,61010562.0,1.486,2.416,0,0
2025-04-22,sh.605228,9.75,9.87,9.6,9.69,4083000,39761004.0,0.9578,-0.6154,0,0
2025-04-23,sh.605228,10.05,10.35,9.9,10.18,10392600,105075797.0,2.4378,5.0568,0,0
2025-04-24,sh.605228,10.08,10.38,9.95,10.13,8126659,82926354.93,1.9063,-0.4912,0,0
2025-04-25,sh.605228,10.16,10.25,10.01,10.05,4037900,40794412.0,0.9472,-0.7897,0,0
2025-04-28,sh.605228,10.0,10.05,9.8,9.83,3497800,34474531.0,0.8205,-2.1891,0,0
2025-04-29,sh.605228,9.8,10.12,9.79,9.97,3530500,35313906.0,0.8282,1.4242,0,0
2025-04-30,sh.605228,10.07,10.35,10.07,10.25,5551873,56682151.6,1.3023,2.8084,0,0
2025-05-06,sh.605228,10.3,11.28,10.3,11.28,14827825,162029338.06,3.4782,10.0488,1,0
2025-05-07,sh.605228,11.37,11.82,11.36,11.54,16762430,193303220.18,3.932,2.305,0,0
2025-05-08,sh.605228,11.57,11.62,11.32,11.43,9861616,112851698.08,2.3133,-0.9532,0,0
2025-05-09,sh.605228,11.45,11.53,10.96,11.18,7140930,79907892.4,1.6751,-2.1872,0,0
2025-05-12,sh.605228,11.29,11.41,11.22,11.39,5264000,59608742.0,1.2348,1.8784,0,0
2025-05-13,sh.605228,11.45,11.56,11.29,11.4,4661973,53142694.7,1.0936,0.0878,0,0
2025-05-14,sh.605228,11.41,11.47,11.24,11.3,4030100,45628591.0,0.9453,-0.8772,0,0
2025-05-15,sh.605228,11.36,11.38,10.98,11.01,4583300,50725757.0,1.0751,-2.5664,0,0
2025-05-16,sh.605228,10.86,11.48,10.86,11.47,10364600,117787281.0,2.4312,4.178,0,0
2025-05-19,sh.605228,11.46,11.5,11.16,11.43,5715700,64753346.0,1.3407,-0.3487,0,0
2025-05-20,sh.605228,11.55,11.8,11.27,11.64,8805600,101796147.0,2.0655,1.8373,0,0
2025-05-21,sh.605228,11.43,11.62,11.38,11.54,5307000,60960816.0,1.2448,-0.8591,0,0
2025-05-22,sh.605228,11.65,12.0,11.43,11.45,12518043,145749509.35,2.9363,-0.7799,0,0
2025-05-23,sh.605228,11.35,11.55,11.17,11.2,7189900,81528610.0,1.6865,-2.1834,0,0
2025-05-26,sh.605228,11.24,11.34,11.09,11.28,4324300,48626981.0,1.0143,0.7143,0,0
2025-05-27,sh.605228,11.18,11.65,11.17,11.55,7539200,86153380.0,1.7684,2.3936,0,0
2025-05-28,sh.605228,11.55,11.74,11.32,11.37,5823000,66828928.0,1.3659,-1.5584,0,0
2025-05-29,sh.605228,11.28,11.94,11.25,11.78,11729800,137531103.0,2.7514,3.606,0,0
2025-05-30,sh.605228,11.7,11.75,11.15,11.23,8830045,100211442.83,2.0712,-4.6689,0,0
2025-06-03,sh.605228,11.05,11.28,10.75,10.84,10708800,117406410.0,2.5119,-3.4728,0,0
2025-06-04,sh.605228,10.82,11.12,10.75,11.0,7260200,79425193.0,1.703,1.476,0,0
2025-06-05,sh.605228,11.07,11.26,10.82,10.93,6023917,66145121.49,1.413,-0.6364,0,0
2025-06-06,sh.605228,10.92,10.98,10.76,10.92,4811100,52276920.0,1.1285,-0.0915,0,0
2025-06-09,sh.605228,10.59,10.96,10.35,10.88,8848800,94643243.0,2.0755,-0.3663,0,0
2025-06-10,sh.605228,10.85,11.28,10.53,10.82,7428400,80591256.0,1.7423,-0.5515,0,0
2025-06-11,sh.605228,10.82,11.08,10.75,10.92,4972300,54479459.0,1.1662,0.9242,0,0
2025-06-12,sh.605228,10.88,11.02,10.74,10.95,4134500,45043087.0,0.9697,0.2747,0,0
2025-06-13,sh.605228,11.0,11.0,10.68,10.78,5558600,59749329.0,1.3038,-1.5525,0,0
2025-06-16,sh.605228,10.7,11.1,10.56,10.91,4794700,52360156.0,1.1246,1.2059,0,0
2025-06-17,sh.605228,10.95,11.03,10.77,10.91,4537800,49371955.0,1.0643,0.0,0,0
2025-06-18,sh.605228,10.86,10.92,10.74,10.84,2346300,25374956.0,0.5503,-0.6416,0,0
2025-06-19,sh.605228,10.85,10.96,10.63,10.7,3105400,33419559.0,0.7284,-1.2915,0,0
2025-06-20,sh.605228,10.65,10.78,10.39,10.45,4565700,47958950.0,1.0709,-2.3364,0,0
2025-06-23,sh.605228,10.5,10.57,10.35,10.51,2858100,29992774.0,0.6704,0.5742,0,0
2025-06-24,sh.605228,10.65,11.04,10.65,11.0,6504000,71019402.0,1.5255,4.6622,0,0
2025-06-25,sh.605228,11.02,11.15,10.94,11.05,4889300,54057714.0,1.1468,0.4545,0,0
2025-06-26,sh.605228,11.08,11.08,10.74,10.75,4768900,51830504.0,1.1185,-2.7149,0,0
2025-06-27,sh.605228,11.51,11.83,10.84,10.98,20377700,228828844.0,4.7795,2.1395,0,0
2025-06-30,sh.605228,10.71,11.22,10.7,10.99,12071100,132091211.0,2.8313,0.0911,0,0
2025-07-01,sh.605228,11.2,11.41,11.01,11.31,13299100,149299077.0,3.1192,2.9117,0,0
2025-07-02,sh.605228,11.23,11.43,11.13,11.34,7527587,84821825.27,1.7655,0.2653,0,0
2025-07-03,sh.605228,11.34,11.9,11.27,11.84,12576387,147624600.07,2.9497,4.4092,0,0
2025-07-04,sh.605228,11.8,12.08,11.57,11.71,13453286,159095459.2,3.1553,-1.098,0,0
2025-07-07,sh.605228,11.57,12.05,11.57,11.99,7459687,88476532.39,1.7496,2.3911,0,0
2025-07-08,sh.605228,11.9,12.2,11.9,12.06,6966800,84131983.0,1.634,0.5838,0,0
2025-07-09,sh.605228,12.07,12.23,11.9,11.98,6372242,76534779.4,1.4945,-0.6633,0,0
2025-07-10,sh.605228,11.89,12.03,11.81,11.96,4005700,47729683.0,0.9395,-0.1669,0,0
2025-07-11,sh.605228,11.91,12.07,11.89,12.0,3642887,43622476.13,0.8544,0.3344,0,0
2025-07-14,sh.605228,12.0,12.41,11.94,12.26,6808450,83245929.5,1.5969,2.1667,0,0
2025-07-15,sh.605228,12.25,12.49,12.11,12.33,11812000,144858782.0,2.7704,0.571,0,0
2025-07-16,sh.605228,12.45,12.88,12.26,12.69,10487155,132342147.75,2.4597,2.9197,0,0
2025-07-17,sh.605228,12.57,13.0,12.57,12.98,7764800,100011473.0,1.8212,2.2853,0,0
2025-07-18,sh.605228,12.98,13.0,12.37,12.47,9728455,121838571.5,2.2817,-3.9291,0,0
2025-07-21,sh.605228,12.68,12.79,12.37,12.55,9368000,117455682.0,2.1972,0.6415,0,0
2025-07-22,sh.605228,12.54,12.55,12.32,12.42,5698300,70695734.0,1.3365,-1.0359,0,0
2025-07-23,sh.605228,12.35,12.49,12.29,12.37,4951500,61314739.0,1.1613,-0.4026,0,0
2025-07-24,sh.605228,12.39,12.62,12.26,12.55,5785200,72148702.0,1.3569,1.4551,0,0
2025-07-25,sh.605228,12.62,13.5,12.52,13.28,13224900,172290320.0,3.1018,5.8167,0,0
2025-07-28,sh.605228,13.29,13.38,13.12,13.29,7600200,100450730.0,1.7826,0.0753,0,0
2025-07-29,sh.605228,13.43,13.43,13.06,13.22,4866400,64331333.0,1.1414,-0.5267,0,0
2025-07-30,sh.605228,13.22,13.27,12.91,12.99,5246900,68542207.0,1.2306,-1.7398,0,0
2025-07-31,sh.605228,12.93,13.15,12.76,12.87,6539000,84174781.0,1.5337,-0.9238,0,0
2025-08-01,sh.605228,12.87,13.15,12.8,13.08,5564800,72324209.0,1.3052,1.6317,0,0
2025-08-04,sh.605228,12.95,13.76,12.88,13.72,6598600,88264461.8,1.5476,4.893,0,0
2025-08-05,sh.605228,13.72,13.8,13.54,13.75,4861486,66438601.9,1.1402,0.2187,0,0
2025-08-06,sh.605228,13.78,14.0,13.61,13.89,5957786,82694752.66,1.3973,1.0182,0,0
2025-08-07,sh.605228,13.98,14.4,13.86,14.33,7747100,110218325.0,1.817,3.1677,0,0
2025-08-08,sh.605228,14.28,14.43,14.03,14.3,5230800,74477375.0,1.2268,-0.2094,0,0
2025-08-11,sh.605228,14.5,15.73,14.3,15.46,17737686,272226467.94,4.1602,8.1119,0,0
2025-08-12,sh.605228,15.36,16.27,15.32,15.91,13218124,209429349.53,3.1002,2.9107,0,0
2025-08-13,sh.605228,15.83,17.5,15.81,17.5,18741631,320619937.49,4.3957,9.9937,1,0
2025-08-14,sh.605228,18.08,18.4,17.38,17.66,21631964,384680265.42,5.0736,0.9143,0,0
2025-08-15,sh.605228,17.57,18.73,17.57,18.44,17142018,312463955.93,4.0205,4.4168,0,0
2025-08-18,sh.605228,18.2,18.36,17.1,17.47,22640460,397503984.3,5.2894,-5.2603,0,0
2025-08-19,sh.605228,17.4,17.94,17.11,17.63,14558250,255984017.35,3.4012,0.9159,0,0
2025-08-20,sh.605228,17.92,18.12,17.41,17.68,9130035,162155187.83,2.133,0.2836,0,0
2025-08-21,sh.605228,17.77,18.39,17.55,17.82,10192492,183023116.51,2.3812,0.7919,0,0
2025-08-22,sh.605228,17.72,18.05,17.43,17.78,7716221,136564107.48,1.8027,-0.2245,0,0
2025-08-25,sh.605228,17.9,17.96,17.06,17.17,10482149,180415659.1,2.4489,-3.4308,0,0
2025-08-26,sh.605228,17.1,17.22,16.71,17.03,8865102,150627996.76,2.0711,-0.8154,0,0
2025-08-27,sh.605228,17.08,17.33,16.41,16.5,7011383,118666852.39,1.638,-3.1122,0,0
2025-08-28,sh.605228,16.51,16.6,15.75,16.52,9340700,151571346.0,2.1822,0.1212,0,0
2025-08-29,sh.605228,16.53,16.65,16.13,16.45,5042275,82232233.5,1.178,-0.4237,0,0
2025-09-01,sh.605228,16.42,16.87,16.2,16.74,8736500,145423456.0,2.0411,1.7629,0,0
2025-09-02,sh.605228,16.74,17.22,16.35,16.89,9513353,159595630.67,2.2226,0.8961,0,0
2025-09-03,sh.605228,17.06,17.29,16.01,16.47,7031810,116488041.7,1.6428,-2.4867,0,0
2025-09-04,sh.605228,16.3,16.58,15.7,16.45,5680800,92043260.0,1.3272,-0.1214,0,0
2025-09-05,sh.605228,16.25,16.81,15.88,16.75,5927780,97100679.0,1.3849,1.8237,0,0
2025-09-08,sh.605228,16.8,17.1,16.61,17.07,6282800,106253030.0,1.4678,1.9104,0,0
2025-09-09,sh.605228,17.15,17.4,16.83,16.97,5739595,97949158.9,1.3409,-0.5858,0,0
2025-09-10,sh.605228,17.02,17.27,16.73,16.77,4519900,76491523.53,1.056,-1.1786,0,0
2025-09-11,sh.605228,16.6,17.28,16.48,17.23,5323200,90239708.0,1.2436,2.743,0,0
2025-09-12,sh.605228,17.21,17.31,16.9,16.97,4724300,80643304.0,1.1006,-1.509,0,0
2025-09-15,sh.605228,17.02,17.97,16.93,17.42,10692500,187895713.25,2.4909,2.6517,0,0
2025-09-16,sh.605228,17.58,18.1,17.31,17.9,10276800,183607028.53,2.394,2.7555,0,0
2025-09-17,sh.605228,17.86,19.22,17.86,19.16,14685452,274680431.22,3.4211,7.0391,0,0
2025-09-18,sh.605228,19.77,20.54,17.5,18.35,34597709,660489292.46,8.0597,-4.2276,0,0
2025-09-19,sh.605228,17.68,18.5,17.5,18.43,14931125,267458288.38,3.4783,0.436,0,0
2025-09-22,sh.605228,17.89,18.3,17.42,17.45,12018533,212953144.87,2.7998,-5.3174,0,0
2025-09-23,sh.605228,17.42,17.68,17.07,17.39,7605900,131876520.0,1.7718,-0.3438,0,0
2025-09-24,sh.605228,17.28,17.38,16.7,16.96,8138381,137812895.7,1.8959,-2.4727,0,0
2025-09-25,sh.605228,16.98,17.11,16.24,16.27,9737300,161454915.0,2.2684,-4.0684,0,0
2025-09-26,sh.605228,16.27,16.44,16.06,16.17,6003200,97797936.55,1.3985,-0.6146,0,0
2025-09-29,sh.605228,16.15,17.29,15.9,17.03,8931325,148541406.5,2.0806,5.3185,0,0
2025-09-30,sh.605228,17.01,17.36,16.73,17.3,5999500,102130703.0,1.3976,1.5854,0,0
2025-10-09,sh.605228,17.35,18.08,17.24,17.54,6865100,121131441.0,1.5993,1.3873,0,0
2025-10-10,sh.605228,17.5,17.94,17.3,17.36,4927500,86247102.0,1.1479,-1.0262,0,0
2025-10-13,sh.605228,16.89,17.62,16.34,17.33,6028200,103456927.0,1.4043,-0.1728,0,0
2025-10-14,sh.605228,17.35,17.5,17.02,17.13,4009300,69177063.0,0.934,-1.1541,0,0
2025-10-15,sh.605228,17.2,17.92,17.03,17.85,8201300,144901682.36,1.9105,4.2032,0,0
2025-10-16,sh.605228,17.82,18.3,17.57,17.8,5664234,101041978.5,1.3195,-0.2801,0,0
2025-10-17,sh.605228,17.91,18.13,17.5,17.88,13240179,236777669.17,3.0844,0.4494,0,0
2025-10-20,sh.605228,17.96,18.16,16.79,17.11,14106823,243494984.79,3.2862,-4.3065,0,0
2025-10-21,sh.605228,17.46,18.82,17.26,18.82,28003146,511038505.18,6.5234,9.9942,1,0
2025-10-22,sh.605228,19.0,19.4,18.52,19.11,23676766,447906018.9,5.5156,1.5409,0,0
2025-10-23,sh.605228,19.02,19.11,18.05,18.23,13359350,246815682.16,3.1121,-4.6049,0,0
2025-10-24,sh.605228,18.3,18.9,17.96,18.0,12306223,224953743.12,2.8668,-1.2617,0,0
2025-10-27,sh.605228,18.11,18.56,17.97,18.45,14026174,257176922.9,3.2663,2.5,0,0
2025-10-28,sh.605228,18.41,18.41,17.55,17.6,12070300,215809400.0,2.8108,-4.607,0,0
2025-10-29,sh.605228,17.43,17.5,16.3,16.59,17890751,302018725.36,4.1663,-5.7386,0,0
2025-10-30,sh.605228,16.66,16.66,16.04,16.07,10921051,177480179.42,2.5432,-3.1344,0,0
2025-10-31,sh.605228,16.15,16.3,16.07,16.11,6048151,97713101.59,1.4084,0.2489,0,0
2025-11-03,sh.605228,16.11,16.24,15.73,16.2,7083249,113423435.38,1.6495,0.5587,0,0
2025-11-04,sh.605228,16.12,16.25,15.77,15.87,4645900,74052697.0,1.0818,-2.037,0,0
2025-11-05,sh.605228,15.73,15.88,15.6,15.75,3854200,60641039.0,0.8975,-0.7561,0,0
2025-11-06,sh.605228,15.76,16.14,15.71,16.0,4874600,77672555.0,1.1351,1.5873,0,0
2025-11-07,sh.605228,15.98,15.98,15.64,15.69,5466300,86285062.0,1.2729,-1.9375,0,0
2025-11-10,sh.605228,15.74,15.79,15.36,15.43,4386095,67769315.1,1.0213,-1.6571,0,0
2025-11-11,sh.605228,15.43,15.5,15.31,15.48,3337500,51404950.0,0.7772,0.324,0,0
2025-11-12,sh.605228,15.49,15.5,15.01,15.14,4430900,67287027.0,1.0318,-2.1964,0,0
2025-11-13,sh.605228,15.2,15.43,15.05,15.36,3414200,52063356.0,0.795,1.4531,0,0
2025-11-14,sh.605228,15.27,15.39,15.2,15.2,2074300,31772171.0,0.483,-1.0417,0,0
2025-11-17,sh.605228,15.35,15.35,15.03,15.15,2733300,41446407.0,0.6365,-0.3289,0,0
2025-11-18,sh.605228,15.2,15.2,14.88,14.98,3151968,47176903.12,0.734,-1.1221,0,0
2025-11-19,sh.605228,15.03,15.06,14.61,14.73,2892800,42671442.0,0.6736,-1.6689,0,0
2025-11-20,sh.605228,14.85,14.85,14.56,14.63,2376698,34849953.48,0.5534,-0.6789,0,0
2025-11-21,sh.605228,14.62,14.78,14.19,14.28,3503500,50536592.0,0.8158,-2.3923,0,0
2025-11-24,sh.605228,14.29,14.44,14.18,14.37,2864100,40983492.0,0.6669,0.6303,0,0
2025-11-25,sh.605228,14.58,14.86,14.38,14.69,3757700,55309000.0,0.875,2.2269,0,0
2025-11-26,sh.605228,14.63,14.78,14.55,14.58,2450100,35870771.0,0.5705,-0.7488,0,0
2025-11-27,sh.605228,14.58,14.65,14.4,14.42,2102502,30559906.22,0.4896,-0.8935,0,0
2025-11-28,sh.605228,14.51,14.93,14.4,14.88,4231338,62384927.12,0.9853,3.19,0,0
2025-12-01,sh.605228,14.8,14.87,14.71,14.78,3139200,46353961.0,0.731,-0.672,0,0
2025-12-02,sh.605228,14.78,14.85,14.46,14.52,2004000,29199111.0,0.4666,-1.7591,0,0
2025-12-03,sh.605228,14.6,14.78,14.3,14.36,3013700,43450409.0,0.7018,-1.1019,0,0
2025-12-04,sh.605228,14.5,14.55,14.28,14.38,2352642,33900932.96,0.5478,0.1393,0,0
2025-12-05,sh.605228,14.37,14.46,14.2,14.44,2067042,29734504.18,0.4813,0.4172,0,0
2025-12-08,sh.605228,14.51,14.56,14.34,14.44,2008730,29007015.4,0.4677,0.0,0,0
2025-12-09,sh.605228,14.44,14.55,14.25,14.26,2571900,36962758.0,0.5989,-1.2465,0,0
2025-12-10,sh.605228,14.25,14.35,14.15,14.32,2354898,33619760.64,0.5484,0.4208,0,0
2025-12-11,sh.605228,14.38,14.38,14.11,14.11,2158800,30649303.0,0.5027,-1.4665,0,0
2025-12-12,sh.605228,14.15,14.28,14.03,14.15,2325242,32996142.72,0.5414,0.2835,0,0
2025-12-15,sh.605228,14.19,14.24,14.03,14.11,2316490,32693619.4,0.5394,-0.2827,0,0
2025-12-16,sh.605228,14.2,14.66,13.92,14.3,7819800,112063196.46,1.8209,1.3466,0,0
2025-12-17,sh.605228,14.22,14.75,13.97,14.23,8052600,114988748.0,1.8751,-0.4895,0,0
2025-12-18,sh.605228,14.11,14.57,14.03,14.3,6597561,94838734.06,1.5363,0.4919,0,0
2025-12-19,sh.605228,14.32,14.76,14.32,14.54,8323100,121359502.0,1.9381,1.6783,0,0
2025-12-22,sh.605228,14.73,15.35,14.68,14.99,11588400,174459764.0,2.6984,3.0949,0,0
2025-12-23,sh.605228,15.0,15.16,14.49,14.51,7482100,110402890.0,1.7423,-3.2021,0,0
2025-12-24,sh.605228,14.43,14.86,14.39,14.76,6103803,90079087.93,1.4213,1.7229,0,0
2025-12-25,sh.605228,14.8,14.98,14.66,14.96,4798210,71240930.2,1.1173,1.355,0,0
2025-12-26,sh.605228,15.05,15.05,14.55,14.65,5377100,79355525.0,1.2521,-2.0722,0,0
2025-12-29,sh.605228,14.67,14.77,14.52,14.73,4116700,60348613.0,0.9586,0.5461,0,0
2025-12-30,sh.605228,14.75,14.85,14.55,14.8,3377480,49748368.0,0.7865,0.4752,0,0
2025-12-31,sh.605228,14.83,15.14,14.55,14.93,6739368,100323500.49,1.5693,0.8784,0,0
2026-01-05,sh.605228,14.93,15.2,14.81,15.15,5680044,85506350.88,1.3226,1.4735,0,0
2026-01-06,sh.605228,15.13,16.67,15.11,16.67,23505823,378220143.36,5.4735,10.033,1,0
2026-01-07,sh.605228,16.33,16.68,15.9,16.27,27180813,439754782.39,6.3292,-2.3995,0,0
2026-01-08,sh.605228,16.1,17.22,15.7,16.98,28139202,463159038.79,6.5524,4.3639,0,0
2026-01-09,sh.605228,16.61,16.83,16.41,16.67,17298835,288095591.31,4.0281,-1.8257,0,0
2026-01-12,sh.605228,16.67,16.68,16.2,16.38,13674300,223814107.95,3.1841,-1.7397,0,0
2026-01-13,sh.605228,16.35,16.35,15.87,15.88,11520600,184562488.74,2.6826,-3.0525,0,0
2026-01-14,sh.605228,15.91,16.15,15.67,15.86,9748798,155317883.36,2.2701,-0.1259,0,0
2026-01-15,sh.605228,15.95,16.05,15.45,15.63,7566750,118594848.0,1.762,-1.4502,0,0
2026-01-16,sh.605228,15.76,16.15,15.7,16.15,10012250,160053001.0,2.3314,3.3269,0,0
2026-01-19,sh.605228,16.15,16.23,15.94,15.96,7382300,118557615.0,1.719,-1.1765,0,0
2026-01-20,sh.605228,15.85,16.08,15.6,15.6,6572623,103645671.71,1.5305,-2.2556,0,0
2026-01-21,sh.605228,15.44,15.83,15.35,15.76,5540083,86651782.2,1.29,1.0256,0,0
2026-01-22,sh.605228,15.7,16.36,15.61,16.13,12051969,193172422.28,2.8064,2.3477,0,0
2026-01-23,sh.605228,15.95,16.08,15.87,15.98,9614543,153373757.53,2.2388,-0.9299,0,0
2026-01-26,sh.605228,15.95,15.96,15.19,15.21,9549468,147713649.88,2.2236,-4.8185,0,0
2026-01-27,sh.605228,15.58,15.59,14.85,15.23,7828020,119136201.19,1.8228,0.1315,0,0
2026-01-28,sh.605228,15.21,15.21,14.89,14.92,6295148,94278726.31,1.4659,-2.0355,0,0
2026-01-29,sh.605228,14.82,15.05,14.62,14.83,6869415,102057616.43,1.5996,-0.6032,0,0
2026-01-30,sh.605228,14.79,14.88,14.24,14.37,9665625,139596343.34,2.2507,-3.1018,0,0
2026-02-02,sh.605228,14.09,14.19,13.69,13.71,9821535,137415029.96,2.287,-4.5929,0,0
2026-02-03,sh.605228,13.84,13.87,13.55,13.75,8134045,111483791.26,1.8941,0.2918,0,0
2026-02-04,sh.605228,13.68,13.71,13.33,13.42,9871499,132906245.6,2.2986,-2.4,0,0
2026-02-05,sh.605228,13.35,13.55,13.14,13.21,9854442,131173536.56,2.2947,-1.5648,0,0
2026-02-06,sh.605228,13.11,13.53,13.05,13.38,12135164,161523724.69,2.8257,1.2869,0,0
2026-02-09,sh.605228,13.5,14.72,13.5,14.24,33740932,483831192.48,7.8567,6.4275,0,0
2026-02-10,sh.605228,14.46,14.99,14.41,14.67,29885917,439653654.74,6.3754,3.0197,0,0
2026-02-11,sh.605228,14.55,14.68,14.37,14.37,11804855,171265844.49,2.4795,-2.045,0,0
2026-02-12,sh.605228,14.37,14.47,14.13,14.3,8743936,125007248.11,1.8366,-0.4871,0,0
2026-02-13,sh.605228,14.28,14.49,14.15,14.2,6655964,95364527.71,1.395,-0.6993,0,0
2026-02-24,sh.605228,14.39,14.92,14.21,14.55,14511958,212289830.76,3.0415,2.4648,0,0
2026-02-25,sh.605228,14.49,14.6,14.4,14.47,8571613,124114744.35,1.7965,-0.5498,0,0
2026-02-26,sh.605228,14.51,14.55,14.33,14.37,7665471,110183330.66,1.6066,-0.6911,0,0
2026-02-27,sh.605228,14.35,14.87,14.3,14.37,10007052,145440446.83,2.0973,0.0,0,0
2026-03-02,sh.605228,14.03,14.19,13.72,13.79,11451303,159108900.49,2.4,-4.0362,0,0
2026-03-03,sh.605228,13.77,14.04,13.17,13.19,9222151,124758487.31,1.9328,-4.351,0,0
2026-03-04,sh.605228,13.0,13.21,12.76,12.89,7846965,101740568.45,1.6446,-2.2745,0,0
2026-03-05,sh.605228,13.13,13.49,13.11,13.21,8324563,110493033.98,1.7447,2.4825,0,0
2026-03-06,sh.605228,13.15,13.27,13.1,13.21,5697710,75294820.07,1.1941,0.0,0,0
2026-03-09,sh.605228,13.01,13.03,12.56,12.88,8652622,110125258.12,1.8135,-2.4981,0,0
2026-03-10,sh.605228,13.0,13.23,13.0,13.23,7479157,98114329.72,1.5675,2.7174,0,0
2026-03-11,sh.605228,13.27,13.32,12.88,12.93,7876932,102911274.59,1.6509,-2.2676,0,0
2026-03-12,sh.605228,12.94,12.96,12.68,12.74,5401133,69069526.95,1.132,-1.4695,0,0
2026-03-13,sh.605228,12.71,12.83,12.52,12.54,5477823,69470812.58,1.1481,-1.5699,0,0
2026-03-16,sh.605228,12.42,12.7,12.25,12.69,8730790,109550206.55,1.8298,1.1962,0,0
2026-03-17,sh.605228,12.76,13.35,12.7,12.91,13139243,171684880.42,2.7538,1.7336,0,0
2026-03-18,sh.605228,13.0,13.5,12.95,13.5,13195255,175804401.3,2.7655,4.5701,0,0
2026-03-19,sh.605228,13.4,13.92,13.24,13.81,15011137,204694204.2,3.1461,2.2963,0,0
2026-03-20,sh.605228,13.69,14.58,13.59,13.96,22862741,321452521.44,4.7917,1.0862,0,0
2026-03-23,sh.605228,13.93,14.27,13.62,13.87,18919503,263682854.38,3.9652,-0.6447,0,0
2026-03-24,sh.605228,14.0,14.22,13.7,14.05,12636350,176367057.72,2.6484,1.2978,0,0
2026-03-25,sh.605228,14.01,14.5,13.96,14.43,12886736,185319714.39,2.7009,2.7046,0,0
2026-03-26,sh.605228,14.35,14.66,14.31,14.49,10016167,144723022.01,2.0992,0.4158,0,0
2026-03-27,sh.605228,14.26,14.63,14.26,14.58,8468963,122759700.03,1.775,0.6211,0,0
2026-03-30,sh.605228,14.41,14.78,14.22,14.36,11939421,172126418.71,2.5023,-1.5089,0,0
2026-03-31,sh.605228,14.37,14.64,13.77,13.82,15675571,222261093.43,3.2854,-3.7604,0,0
2026-04-01,sh.605228,14.01,14.8,14.01,14.44,16093204,232161771.73,3.3729,4.4863,0,0
2026-04-02,sh.605228,14.38,14.52,13.85,13.99,9956951,140630632.55,2.0868,-3.1163,0,0
2026-04-03,sh.605228,14.02,14.08,13.36,13.38,10257038,139507659.52,2.1497,-4.3603,0,0
2026-04-07,sh.605228,13.42,13.66,13.27,13.56,9571441,128939578.45,2.006,1.3453,0,0
2026-04-08,sh.605228,13.89,14.14,13.7,14.13,7237995,101296323.71,1.517,4.2035,0,0
2026-04-09,sh.605228,14.02,14.83,13.93,14.74,18881007,273997232.72,3.9572,4.3171,0,0
2026-04-10,sh.605228,14.85,15.15,14.75,15.15,19179674,287433583.36,4.0198,2.7815,0,0
2026-04-13,sh.605228,15.0,15.75,14.94,15.75,20742025,319509835.17,4.3472,3.9604,0,0
2026-04-14,sh.605228,15.46,15.48,14.5,14.71,29820330,439877687.87,6.2499,-6.6032,0,0
2026-04-15,sh.605228,14.83,15.12,14.74,14.9,17263311,257538298.8,3.6181,1.2916,0,0
2026-04-16,sh.605228,14.99,15.43,14.51,14.86,17664741,261498427.09,3.7022,-0.2685,0,0
2026-04-17,sh.605228,14.79,15.05,14.59,14.91,11714158,173483965.61,2.4551,0.3365,0,0
2026-04-20,sh.605228,14.89,15.43,14.69,15.27,18079141,273502305.1,3.7891,2.4145,0,0
2026-04-21,sh.605228,15.18,15.23,14.9,15.04,7836022,117677924.8,1.6423,-1.5062,0,0
2026-04-22,sh.605228,14.92,15.1,14.8,15.08,8480844,126902141.35,1.7775,0.266,0,0
2026-04-23,sh.605228,15.03,15.16,14.66,14.78,7778605,115266494.15,1.6303,-1.9894,0,0
2026-04-24,sh.605228,14.71,14.81,14.41,14.59,7624495,111247615.57,1.598,-1.2855,0,0
2026-04-27,sh.605228,14.6,15.27,14.29,14.97,10623065,157442647.36,2.2264,2.6045,0,0
2026-04-28,sh.605228,14.86,15.21,14.5,14.61,6599637,97619906.01,1.3832,-2.4048,0,0
2026-04-29,sh.605228,14.52,14.76,14.51,14.6,5449907,79590940.13,1.1422,-0.0684,0,0
2026-04-30,sh.605228,14.53,14.6,14.33,14.39,6166665,88893567.64,1.2924,-1.4384,0,0
2026-05-06,sh.605228,14.69,15.24,14.56,15.1,15046763,225829900.97,3.1536,4.934,0,0
2026-05-07,sh.605228,15.25,15.36,15.02,15.21,12461909,189305566.73,2.6118,0.7285,0,0
2026-05-08,sh.605228,15.09,15.35,15.09,15.33,8700196,132596931.15,1.8234,0.789,0,0
2026-05-11,sh.605228,15.33,15.41,14.8,15.0,12450389,186623713.39,2.6094,-2.1526,0,0
2026-05-12,sh.605228,14.99,15.1,14.75,14.8,7442299,110819074.08,1.5598,-1.3333,0,0
2026-05-13,sh.605228,14.78,15.02,14.7,14.74,7162165,106161332.5,1.5011,-0.4054,0,0
2026-05-14,sh.605228,14.71,14.85,14.45,14.46,7061816,103301793.08,1.48,-1.8996,0,0
2026-05-15,sh.605228,14.45,14.79,14.3,14.61,8174237,119081813.43,1.7132,1.0373,0,0
2026-05-18,sh.605228,14.65,14.65,14.03,14.16,7852483,111569747.93,1.6458,-3.0801,0,0
2026-05-19,sh.605228,14.18,14.39,14.09,14.26,5497571,78067444.65,1.1522,0.7062,0,0
2026-05-20,sh.605228,14.0,14.23,13.74,14.09,5154318,71984864.64,1.0803,-0.424,0,0
2026-05-21,sh.605228,14.01,14.8,14.01,14.12,11381923,164538960.41,2.3855,0.2129,0,0
2026-05-22,sh.605228,14.2,14.28,13.92,14.05,6742625,94984239.12,1.4131,-0.4958,0,0
2026-05-25,sh.605228,14.08,14.24,13.58,13.72,7490080,103478427.54,1.5698,-2.3488,0,0
2026-05-26,sh.605228,13.66,13.79,13.27,13.48,6843516,91659869.09,1.4343,-1.7493,0,0
2026-05-27,sh.605228,13.41,13.69,13.02,13.12,5149348,68419458.24,1.0792,-2.6706,0,0
2026-05-28,sh.605228,13.12,13.34,12.84,13.17,5416484,70751020.38,1.1352,0.3811,0,0
2026-05-29,sh.605228,13.11,13.2,12.66,12.94,5114419,65679203.26,1.0719,-1.7464,0,0
2026-06-01,sh.605228,12.82,12.98,12.65,12.74,3720787,47521884.42,0.7798,-1.5456,0,0
2026-06-02,sh.605228,12.8,12.84,12.43,12.57,4149141,52044838.3,0.8696,-1.3344,0,0
2026-06-03,sh.605228,12.58,12.79,12.41,12.6,4777581,60265175.5,1.0013,0.2387,0,0
2026-06-04,sh.605228,12.64,12.81,12.44,12.54,4080800,51374325.0,0.8553,-0.4762,0,0
2026-06-05,sh.605228,12.53,12.74,12.34,12.49,4550618,56968569.08,0.9537,-0.3987,0,0
2026-06-08,sh.605228,12.1,12.43,11.9,12.34,5440281,66326727.87,1.1402,-1.201,0,0
2026-06-09,sh.605228,12.35,13.42,12.11,13.33,14744683,190578246.1,3.0903,8.0227,0,0
2026-06-10,sh.605228,13.26,13.57,13.04,13.49,10565039,141306442.55,2.2143,1.2003,0,0
2026-06-11,sh.605228,13.28,13.57,13.09,13.48,8353764,111784206.08,1.7508,-0.0741,0,0
2026-06-12,sh.605228,13.53,13.79,13.32,13.5,7271334,98847305.36,1.524,0.1484,0,0
2026-06-15,sh.605228,13.53,13.58,13.2,13.26,7142437,95302761.07,1.4969,-1.7778,0,0
2026-06-16,sh.605228,13.2,13.31,12.98,13.06,6570018,86069712.54,1.377,-1.5083,0,0
2026-06-17,sh.605228,13.07,13.15,12.81,13.1,4810281,62346252.29,1.0082,0.3063,0,0
2026-06-18,sh.605228,13.09,13.63,12.81,13.52,8219600,109672309.0,1.7227,3.2061,0,0
2026-06-22,sh.605228,13.48,13.54,12.72,12.99,8629127,111814390.09,1.8085,-3.9201,0,0
2026-06-23,sh.605228,12.9,13.31,12.81,12.89,4957800,64465468.93,1.0391,-0.7698,0,0
2026-06-24,sh.605228,13.15,13.41,12.67,13.17,8873604,115911094.58,1.8598,2.1722,0,0
2026-06-25,sh.605228,13.1,13.41,12.91,12.96,7035374,92671127.96,1.4745,-1.5945,0,0
2026-06-26,sh.605228,13.2,13.28,12.68,12.91,6759084,87740228.42,1.4166,-0.3858,0,0
