date,code,open,high,low,close,volume,amount,turnover,pct_change,is_limit_up,is_limit_down
2019-07-01,sz.300185,1.96,1.99,1.96,1.98,20569159.0,40647950.82,0.750308,2.061854,0,0
2019-07-02,sz.300185,1.98,1.99,1.97,1.99,17018437.0,33717854.89,0.620787,0.50505,0,0
2019-07-03,sz.300185,1.98,1.98,1.95,1.96,14806806.0,29005921.7,0.540113,-1.507536,0,0
2019-07-04,sz.300185,1.96,2.04,1.95,1.99,31560591.0,62728017.74,1.151246,1.530611,0,0
2019-07-05,sz.300185,2.0,2.02,1.98,1.99,28370424.0,56619988.2,1.034877,0.0,0,0
2019-07-08,sz.300185,1.98,1.99,1.94,1.95,20136472.0,39361234.4,0.734524,-2.010048,0,0
2019-07-09,sz.300185,1.94,1.95,1.92,1.93,11299900.0,21817714.0,0.41219,0.0,0,0
2019-07-10,sz.300185,1.94,1.94,1.91,1.91,9401621.0,18077601.32,0.342946,-1.036268,0,0
2019-07-11,sz.300185,1.93,1.94,1.91,1.93,8254700.0,15880701.0,0.301109,1.047119,0,0
2019-07-12,sz.300185,1.92,1.93,1.9,1.92,9376056.0,17966430.96,0.342013,-0.518134,0,0
2019-07-15,sz.300185,1.91,1.94,1.9,1.94,14026335.0,26958823.5,0.511643,1.041672,0,0
2019-07-16,sz.300185,1.93,1.94,1.92,1.93,7635700.0,14728201.0,0.27853,-0.51547,0,0
2019-07-17,sz.300185,1.93,1.94,1.92,1.92,8268500.0,15955101.0,0.301613,-0.518134,0,0
2019-07-18,sz.300185,1.92,1.93,1.9,1.9,8617300.0,16445396.0,0.314336,-1.041666,0,0
2019-07-19,sz.300185,1.91,1.93,1.9,1.91,9930350.0,19028859.5,0.362233,0.526315,0,0
2019-07-22,sz.300185,1.91,1.92,1.85,1.86,17606605.0,32955123.35,0.642242,-2.617799,0,0
2019-07-23,sz.300185,1.86,1.88,1.85,1.87,7086623.0,13233303.55,0.258501,0.537634,0,0
2019-07-24,sz.300185,1.87,1.9,1.87,1.88,8496150.0,16029111.5,0.309917,0.534759,0,0
2019-07-25,sz.300185,1.88,1.9,1.87,1.89,10165400.0,19163458.5,0.370807,0.531914,0,0
2019-07-26,sz.300185,1.89,1.9,1.87,1.89,8601150.0,16195217.5,0.3137,0.0,0,0
2019-07-29,sz.300185,1.89,1.9,1.87,1.87,8015100.0,15056759.0,0.292369,-1.0582,0,0
2019-07-30,sz.300185,1.87,1.9,1.87,1.89,10742021.0,20276749.48,0.3918,1.0695,0,0
2019-07-31,sz.300185,1.89,1.89,1.87,1.87,7481100.0,14019583.0,0.2729,-1.0582,0,0
2019-08-01,sz.300185,1.87,1.88,1.85,1.85,7232450.0,13476278.5,0.2638,-1.0695,0,0
2019-08-02,sz.300185,1.83,1.84,1.82,1.84,13755809.0,25144401.38,0.5018,-0.5405,0,0
2019-08-05,sz.300185,1.83,1.83,1.8,1.8,11661750.0,21168706.0,0.4254,-2.1739,0,0
2019-08-06,sz.300185,1.78,1.78,1.7,1.74,23013259.0,40049865.57,0.8395,-3.3333,0,0
2019-08-07,sz.300185,1.74,1.76,1.73,1.73,8167500.0,14248532.0,0.2979,-0.5747,0,0
2019-08-08,sz.300185,1.74,1.75,1.73,1.75,8643650.0,15078972.0,0.3153,1.1561,0,0
2019-08-09,sz.300185,1.75,1.76,1.72,1.73,7228650.0,12564528.0,0.2637,-1.1429,0,0
2019-08-12,sz.300185,1.73,1.75,1.72,1.75,7361600.0,12800898.0,0.2685,1.1561,0,0
2019-08-13,sz.300185,1.74,1.75,1.72,1.73,6932750.0,12005649.5,0.2529,-1.1429,0,0
2019-08-14,sz.300185,1.75,1.76,1.74,1.75,8158600.0,14272227.5,0.2976,1.1561,0,0
2019-08-15,sz.300185,1.73,1.75,1.71,1.75,11192608.0,19352691.67,0.4083,0.0,0,0
2019-08-16,sz.300185,1.75,1.78,1.74,1.76,12310400.0,21711124.0,0.4523,0.5714,0,0
2019-08-19,sz.300185,1.77,1.81,1.76,1.8,16130525.0,28876273.25,0.5927,2.2727,0,0
2019-08-20,sz.300185,1.79,1.83,1.79,1.81,14206600.0,25772438.0,0.522,0.5556,0,0
2019-08-21,sz.300185,1.81,1.81,1.79,1.8,9325400.0,16794666.0,0.3426,-0.5525,0,0
2019-08-22,sz.300185,1.8,1.81,1.79,1.8,12005300.0,21616496.0,0.4411,0.0,0,0
2019-08-23,sz.300185,1.81,1.84,1.79,1.83,18650100.0,33909332.0,0.6852,1.6667,0,0
2019-08-26,sz.300185,1.8,1.81,1.78,1.8,15112603.0,27159145.37,0.5553,-1.6393,0,0
2019-08-27,sz.300185,1.8,1.85,1.8,1.83,20345089.0,37239944.87,0.7475,1.6667,0,0
2019-08-28,sz.300185,1.83,1.91,1.82,1.88,46346750.0,86664862.7,1.7029,2.7322,0,0
2019-08-29,sz.300185,1.88,1.91,1.85,1.86,29648150.0,55391426.5,1.0893,-1.0638,0,0
2019-08-30,sz.300185,1.86,1.87,1.82,1.84,22281500.0,41115806.0,0.8187,-1.0753,0,0
2019-09-02,sz.300185,1.83,1.94,1.83,1.92,47680064.0,90751050.12,1.7519,4.3478,0,0
2019-09-03,sz.300185,1.91,1.94,1.89,1.93,36210672.0,69256758.2,1.3305,0.5208,0,0
2019-09-04,sz.300185,1.91,1.93,1.89,1.91,23747078.0,45341948.48,0.8725,-1.0363,0,0
2019-09-05,sz.300185,1.91,1.94,1.9,1.91,33020600.0,63455798.0,1.2133,0.0,0,0
2019-09-06,sz.300185,1.91,1.92,1.88,1.9,18419750.0,34963937.0,0.6768,-0.5236,0,0
2019-09-09,sz.300185,1.91,1.93,1.9,1.93,23969616.0,45871534.69,0.8807,1.5789,0,0
2019-09-10,sz.300185,1.92,1.95,1.91,1.92,25150294.0,48468189.48,0.9241,-0.5181,0,0
2019-09-11,sz.300185,1.93,1.94,1.9,1.91,16242586.0,31160325.26,0.5968,-0.5208,0,0
2019-09-12,sz.300185,1.92,1.92,1.89,1.91,16928400.0,32175361.0,0.622,0.0,0,0
2019-09-16,sz.300185,1.91,1.92,1.89,1.9,17701183.0,33733805.7,0.6504,-0.5236,0,0
2019-09-17,sz.300185,1.9,1.9,1.84,1.85,21513551.0,40065007.39,0.7905,-2.6316,0,0
2019-09-18,sz.300185,1.85,1.86,1.83,1.84,11307000.0,20870328.0,0.4154,-0.5405,0,0
2019-09-19,sz.300185,1.84,1.86,1.83,1.85,11755650.0,21683018.0,0.4319,0.5435,0,0
2019-09-20,sz.300185,1.85,1.86,1.84,1.86,11226595.0,20755610.8,0.4125,0.5405,0,0
2019-09-23,sz.300185,1.85,1.86,1.82,1.83,10148928.0,18621936.24,0.3729,-1.6129,0,0
2019-09-24,sz.300185,1.84,1.85,1.83,1.83,8959800.0,16495032.0,0.3292,0.0,0,0
2019-09-25,sz.300185,1.84,1.84,1.8,1.81,11297200.0,20552621.0,0.4151,-1.0929,0,0
2019-09-26,sz.300185,1.81,1.82,1.77,1.77,12379000.0,22174395.0,0.4548,-2.2099,0,0
2019-09-27,sz.300185,1.78,1.79,1.77,1.78,7872600.0,14026783.0,0.2893,0.565,0,0
2019-09-30,sz.300185,1.78,1.79,1.77,1.78,6258800.0,11160214.0,0.23,0.0,0,0
2019-10-08,sz.300185,1.79,1.82,1.78,1.8,10300200.0,18558232.0,0.3785,1.1236,0,0
2019-10-09,sz.300185,1.8,1.82,1.79,1.82,7930300.0,14340934.0,0.2914,1.1111,0,0
2019-10-10,sz.300185,1.82,1.83,1.81,1.82,12304300.0,22376231.0,0.4521,0.0,0,0
2019-10-11,sz.300185,1.82,1.83,1.81,1.82,8917100.0,16217767.0,0.3276,0.0,0,0
2019-10-14,sz.300185,1.83,1.86,1.82,1.84,13818430.0,25456305.7,0.5077,1.0989,0,0
2019-10-15,sz.300185,1.84,1.85,1.82,1.83,10008000.0,18324798.0,0.3677,-0.5435,0,0
2019-10-16,sz.300185,1.83,1.85,1.82,1.82,10079250.0,18503796.0,0.3703,-0.5464,0,0
2019-10-17,sz.300185,1.82,1.83,1.81,1.82,6143950.0,11196453.5,0.2257,0.0,0,0
2019-10-18,sz.300185,1.82,1.83,1.79,1.8,11559200.0,20934919.0,0.4247,-1.0989,0,0
2019-10-21,sz.300185,1.8,1.8,1.77,1.78,9734175.0,17337162.5,0.3577,-1.1111,0,0
2019-10-22,sz.300185,1.78,1.8,1.78,1.79,6368803.0,11392732.34,0.234,0.5618,0,0
2019-10-23,sz.300185,1.8,1.81,1.79,1.8,7964825.0,14330405.0,0.2926,0.5587,0,0
2019-10-24,sz.300185,1.8,1.81,1.79,1.79,5933500.0,10647607.0,0.218,-0.5556,0,0
2019-10-25,sz.300185,1.79,1.82,1.78,1.82,9998125.0,18004690.0,0.3674,1.676,0,0
2019-10-28,sz.300185,1.82,1.85,1.81,1.84,14650700.0,26840036.5,0.5383,1.0989,0,0
2019-10-29,sz.300185,1.84,1.85,1.82,1.82,14032253.0,25764692.46,0.5156,-1.087,0,0
2019-10-30,sz.300185,1.82,1.83,1.78,1.79,14336700.0,25722065.0,0.5268,-1.6484,0,0
2019-10-31,sz.300185,1.79,1.79,1.77,1.77,8354878.0,14849944.06,0.307,-1.1173,0,0
2019-11-01,sz.300185,1.77,1.79,1.76,1.79,8393150.0,14898005.5,0.3084,1.1299,0,0
2019-11-04,sz.300185,1.79,1.8,1.78,1.79,6826800.0,12203770.0,0.2508,0.0,0,0
2019-11-05,sz.300185,1.79,1.8,1.77,1.79,8187000.0,14609267.0,0.3008,0.0,0,0
2019-11-06,sz.300185,1.79,1.79,1.76,1.77,7536200.0,13364763.0,0.2769,-1.1173,0,0
2019-11-07,sz.300185,1.76,1.78,1.76,1.77,7461350.0,13206062.0,0.2741,0.0,0,0
2019-11-08,sz.300185,1.78,1.78,1.76,1.76,7558250.0,13377035.5,0.2777,-0.565,0,0
2019-11-11,sz.300185,1.76,1.76,1.72,1.72,10798700.0,18749396.0,0.3968,-2.2727,0,0
2019-11-12,sz.300185,1.72,1.73,1.71,1.72,9627425.0,16562514.0,0.3537,0.0,0,0
2019-11-13,sz.300185,1.72,1.73,1.7,1.71,6474300.0,11072482.0,0.2379,-0.5814,0,0
2019-11-14,sz.300185,1.71,1.72,1.7,1.72,5355400.0,9167691.0,0.1968,0.5848,0,0
2019-11-15,sz.300185,1.71,1.72,1.68,1.69,9525250.0,16174364.0,0.35,-1.7442,0,0
2019-11-18,sz.300185,1.68,1.7,1.67,1.69,6389000.0,10788488.0,0.2347,0.0,0,0
2019-11-19,sz.300185,1.7,1.72,1.69,1.71,7237200.0,12370850.0,0.2659,1.1834,0,0
2019-11-20,sz.300185,1.72,1.73,1.7,1.71,7795700.0,13383946.97,0.2864,0.0,0,0
2019-11-21,sz.300185,1.71,1.73,1.7,1.72,5808816.0,9964960.36,0.2134,0.5848,0,0
2019-11-22,sz.300185,1.72,1.75,1.71,1.73,13053300.0,22594407.0,0.4796,0.5814,0,0
2019-11-25,sz.300185,1.73,1.75,1.71,1.75,13841259.0,23996963.48,0.5086,1.1561,0,0
2019-11-26,sz.300185,1.74,1.74,1.72,1.72,5654450.0,9765909.0,0.2078,-1.7143,0,0
2019-11-27,sz.300185,1.71,1.73,1.7,1.71,9741100.0,16694066.0,0.3579,-0.5814,0,0
2019-11-28,sz.300185,1.7,1.72,1.69,1.69,6850100.0,11655408.0,0.2517,-1.1696,0,0
2019-11-29,sz.300185,1.69,1.71,1.69,1.71,5959980.0,10137440.0,0.219,1.1834,0,0
2019-12-02,sz.300185,1.71,1.72,1.69,1.7,6429990.0,10935671.0,0.2363,-0.5848,0,0
2019-12-03,sz.300185,1.69,1.72,1.68,1.71,8956190.0,15210346.9,0.3291,0.5882,0,0
2019-12-04,sz.300185,1.71,1.71,1.7,1.7,6939800.0,11826626.0,0.255,-0.5848,0,0
2019-12-05,sz.300185,1.7,1.72,1.7,1.72,7625500.0,13040484.0,0.2802,1.1765,0,0
2019-12-06,sz.300185,1.71,1.72,1.7,1.72,8152303.0,13951816.13,0.2995,0.0,0,0
2019-12-09,sz.300185,1.71,1.73,1.71,1.72,7579650.0,13030530.5,0.2785,0.0,0,0
2019-12-10,sz.300185,1.71,1.73,1.71,1.73,11426350.0,19698442.0,0.4198,0.5814,0,0
2019-12-11,sz.300185,1.72,1.73,1.71,1.72,7328700.0,12582754.0,0.2693,-0.578,0,0
2019-12-12,sz.300185,1.72,1.72,1.7,1.7,9339784.0,15926326.8,0.3432,-1.1628,0,0
2019-12-13,sz.300185,1.71,1.72,1.7,1.72,9108900.0,15618204.0,0.3347,1.1765,0,0
2019-12-16,sz.300185,1.72,1.75,1.72,1.75,16707709.0,28957011.66,0.6139,1.7442,0,0
2019-12-17,sz.300185,1.74,1.78,1.74,1.77,20190931.0,35544614.93,0.7419,1.1429,0,0
2019-12-18,sz.300185,1.77,1.8,1.76,1.77,20847400.0,37124034.0,0.766,0.0,0,0
2019-12-19,sz.300185,1.78,1.79,1.77,1.79,16644503.0,29700004.34,0.6116,1.1299,0,0
2019-12-20,sz.300185,1.79,1.8,1.77,1.77,15358350.0,27366077.0,0.5643,-1.1173,0,0
2019-12-23,sz.300185,1.77,1.78,1.73,1.74,13749400.0,24109896.0,0.5052,-1.6949,0,0
2019-12-24,sz.300185,1.74,1.79,1.74,1.78,16474253.0,29087337.75,0.6053,2.2988,0,0
2019-12-25,sz.300185,1.78,1.79,1.76,1.77,13358153.0,23687335.31,0.4908,-0.5618,0,0
2019-12-26,sz.300185,1.77,1.78,1.76,1.77,9150763.0,16189522.51,0.3362,0.0,0,0
2019-12-27,sz.300185,1.78,1.8,1.76,1.77,19951916.0,35500466.48,0.7331,0.0,0,0
2019-12-30,sz.300185,1.76,1.8,1.75,1.78,16521418.0,29307264.18,0.607,0.565,0,0
2019-12-31,sz.300185,1.78,1.8,1.78,1.79,14628698.0,26210087.44,0.5375,0.5618,0,0
2020-01-02,sz.300185,1.81,1.83,1.8,1.82,23816110.0,43314338.5,0.8751,1.676,0,0
2020-01-03,sz.300185,1.82,1.84,1.81,1.83,20059943.0,36568204.26,0.737,0.5494,0,0
2020-01-06,sz.300185,1.82,1.85,1.81,1.84,23568143.0,43260346.69,0.8659,0.5464,0,0
2020-01-07,sz.300185,1.84,1.89,1.83,1.88,32357620.0,60468333.7,1.1889,2.1739,0,0
2020-01-08,sz.300185,1.87,1.92,1.86,1.86,43753841.0,82600043.84,1.6076,-1.0638,0,0
2020-01-09,sz.300185,1.86,1.88,1.85,1.87,26382254.0,49228933.93,0.9693,0.5376,0,0
2020-01-10,sz.300185,1.87,1.88,1.83,1.85,24439870.0,45188360.8,0.898,-1.0695,0,0
2020-01-13,sz.300185,1.84,1.86,1.82,1.85,16349907.0,30074034.04,0.6007,0.0,0,0
2020-01-14,sz.300185,1.86,1.87,1.85,1.85,16013278.0,29764608.98,0.5884,0.0,0,0
2020-01-15,sz.300185,1.85,1.86,1.82,1.83,14691906.0,26929654.98,0.5398,-1.0811,0,0
2020-01-16,sz.300185,1.83,1.84,1.81,1.82,11641000.0,21226719.0,0.4277,-0.5464,0,0
2020-01-17,sz.300185,1.83,1.83,1.8,1.81,10705850.0,19443558.0,0.3934,-0.5495,0,0
2020-01-20,sz.300185,1.81,1.85,1.8,1.84,15480007.0,28264010.3,0.5688,1.6575,0,0
2020-01-21,sz.300185,1.84,1.84,1.81,1.81,11931500.0,21733025.0,0.4384,-1.6304,0,0
2020-01-22,sz.300185,1.81,1.83,1.78,1.82,14289503.0,25732185.43,0.525,0.5525,0,0
2020-01-23,sz.300185,1.81,1.82,1.76,1.78,19155553.0,34260458.81,0.7038,-2.1978,0,0
2020-02-03,sz.300185,1.6,1.6,1.6,1.6,12940000.0,20704000.0,0.4754,-10.1124,0,0
2020-02-04,sz.300185,1.49,1.62,1.49,1.59,35315003.0,55709628.18,1.2976,-0.625,0,0
2020-02-05,sz.300185,1.59,1.65,1.57,1.63,24416350.0,39596169.0,0.8971,2.5157,0,0
2020-02-06,sz.300185,1.63,1.65,1.61,1.64,30180654.0,49157475.03,1.1089,0.6135,0,0
2020-02-07,sz.300185,1.63,1.64,1.61,1.64,22531650.0,36662336.5,0.8279,0.0,0,0
2020-02-10,sz.300185,1.62,1.67,1.61,1.66,24962754.0,41092866.04,0.9172,1.2195,0,0
2020-02-11,sz.300185,1.66,1.67,1.64,1.65,22014900.0,36431238.0,0.8089,-0.6024,0,0
2020-02-12,sz.300185,1.65,1.7,1.64,1.69,31820693.0,53383182.79,1.1692,2.4242,0,0
2020-02-13,sz.300185,1.69,1.71,1.66,1.66,29412849.0,49531404.75,1.0807,-1.7752,0,0
2020-02-14,sz.300185,1.66,1.68,1.65,1.67,17487900.0,29137538.0,0.6425,0.6024,0,0
2020-02-17,sz.300185,1.68,1.72,1.67,1.71,29284106.0,49784449.2,1.076,2.3952,0,0
2020-02-18,sz.300185,1.72,1.74,1.71,1.73,29346600.0,50607648.5,1.0783,1.1696,0,0
2020-02-19,sz.300185,1.73,1.75,1.72,1.73,26979850.0,46827623.0,0.9913,0.0,0,0
2020-02-20,sz.300185,1.73,1.78,1.72,1.78,36707675.0,64432412.25,1.3487,2.8902,0,0
2020-02-21,sz.300185,1.78,1.81,1.77,1.79,37829084.0,67871983.86,1.3899,0.5618,0,0
2020-02-24,sz.300185,1.78,1.81,1.76,1.8,37339898.0,66611732.44,1.372,0.5587,0,0
2020-02-25,sz.300185,1.77,1.95,1.71,1.87,102669737.0,186481135.38,3.7723,3.8889,0,0
2020-02-26,sz.300185,1.83,1.94,1.81,1.89,108246256.0,205601022.85,3.9772,1.0695,0,0
2020-02-27,sz.300185,1.9,1.92,1.83,1.87,64106849.0,119475013.03,2.3554,-1.0582,0,0
2020-02-28,sz.300185,1.82,1.85,1.77,1.78,52268500.0,94608040.0,1.9205,-4.8128,0,0
2020-03-02,sz.300185,1.78,1.89,1.78,1.86,49732674.0,91761357.64,1.8273,4.4944,0,0
2020-03-03,sz.300185,1.88,1.9,1.84,1.86,53906700.0,100921268.0,1.9807,0.0,0,0
2020-03-04,sz.300185,1.85,1.89,1.83,1.89,44993753.0,83817296.52,1.6532,1.6129,0,0
2020-03-05,sz.300185,1.9,1.97,1.88,1.95,109232664.0,210460143.15,4.0135,3.1746,0,0
2020-03-06,sz.300185,1.94,1.95,1.89,1.91,82145936.0,157565711.99,3.0182,-2.0513,0,0
2020-03-09,sz.300185,1.88,1.9,1.83,1.83,55896271.0,104028567.81,2.0538,-4.1885,0,0
2020-03-10,sz.300185,1.79,1.86,1.78,1.86,51525102.0,93803647.37,1.8932,1.6393,0,0
2020-03-11,sz.300185,1.86,1.92,1.85,1.86,58283100.0,110222043.0,2.1415,0.0,0,0
2020-03-12,sz.300185,1.83,1.86,1.82,1.84,41867079.0,76944041.36,1.5383,-1.0753,0,0
2020-03-13,sz.300185,1.78,1.84,1.75,1.83,49145133.0,88369645.06,1.8057,-0.5435,0,0
2020-03-16,sz.300185,1.86,1.87,1.78,1.78,41000845.0,75023722.25,1.5065,-2.7322,0,0
2020-03-17,sz.300185,1.79,1.81,1.73,1.78,32122303.0,56933261.68,1.1802,0.0,0,0
2020-03-18,sz.300185,1.8,1.8,1.73,1.74,26591200.0,47174472.97,0.9112,-2.2472,0,0
2020-03-19,sz.300185,1.74,1.77,1.7,1.76,41904372.0,72576461.98,1.5397,1.1494,0,0
2020-03-20,sz.300185,1.76,1.87,1.76,1.83,66541728.0,120967777.2,2.4449,3.9773,0,0
2020-03-23,sz.300185,1.79,1.79,1.73,1.75,40847000.0,72244114.41,1.5008,-4.3716,0,0
2020-03-24,sz.300185,1.78,1.79,1.74,1.77,23642850.0,41775267.21,0.8687,1.1429,0,0
2020-03-25,sz.300185,1.8,1.81,1.77,1.8,29116120.0,52201879.6,1.0698,1.6949,0,0
2020-03-26,sz.300185,1.79,1.8,1.75,1.75,23887572.0,42330513.78,0.8777,-2.7778,0,0
2020-03-27,sz.300185,1.77,1.78,1.75,1.75,17180400.0,30280836.0,0.6312,0.0,0,0
2020-03-30,sz.300185,1.74,1.74,1.7,1.72,23140900.0,39709609.0,0.8503,-1.7143,0,0
2020-03-31,sz.300185,1.73,1.74,1.7,1.71,15141400.0,25991217.0,0.5563,-0.5814,0,0
2020-04-01,sz.300185,1.7,1.72,1.69,1.69,17381500.0,29597419.0,0.6386,-1.1696,0,0
2020-04-02,sz.300185,1.68,1.72,1.67,1.72,16436650.0,27895297.0,0.6039,1.7751,0,0
2020-04-03,sz.300185,1.72,1.72,1.69,1.7,13835259.0,23547146.77,0.5083,-1.1628,0,0
2020-04-07,sz.300185,1.72,1.75,1.71,1.73,22544508.0,38979306.72,0.8283,1.7647,0,0
2020-04-08,sz.300185,1.73,1.75,1.72,1.74,17281302.0,30032263.46,0.635,0.578,0,0
2020-04-09,sz.300185,1.75,1.76,1.73,1.75,24146300.0,42166092.0,0.8872,0.5747,0,0
2020-04-10,sz.300185,1.76,1.83,1.76,1.81,63200850.0,113704926.16,2.3221,3.4286,0,0
2020-04-13,sz.300185,1.8,1.91,1.79,1.87,80821556.0,150879063.16,2.9696,3.3149,0,0
2020-04-14,sz.300185,1.87,1.88,1.84,1.87,42767450.0,79286494.0,1.5714,0.0,0,0
2020-04-15,sz.300185,1.86,1.91,1.85,1.87,50899539.0,95640845.04,1.8702,0.0,0,0
2020-04-16,sz.300185,1.85,1.89,1.85,1.87,43496718.0,81374970.01,1.5982,0.0,0,0
2020-04-17,sz.300185,1.87,1.93,1.86,1.89,68367562.0,129523571.86,2.512,1.0695,0,0
2020-04-20,sz.300185,1.89,1.92,1.86,1.87,46989053.0,88505054.67,1.6102,-1.0582,0,0
2020-04-21,sz.300185,1.87,1.87,1.84,1.86,34781200.0,64648834.0,1.2779,-0.5348,0,0
2020-04-22,sz.300185,1.85,1.87,1.82,1.86,33466850.0,61829730.5,1.2297,0.0,0,0
2020-04-23,sz.300185,1.86,1.94,1.83,1.9,77234424.0,146324411.36,2.8378,2.1505,0,0
2020-04-24,sz.300185,1.9,1.92,1.83,1.89,73867627.0,138864723.78,2.7141,-0.5263,0,0
2020-04-27,sz.300185,1.88,1.94,1.84,1.92,82503965.0,157119380.9,3.0314,1.5873,0,0
2020-04-28,sz.300185,1.91,1.92,1.81,1.86,64327690.0,119815521.8,2.3636,-3.125,0,0
2020-04-29,sz.300185,1.85,2.05,1.84,1.99,239343633.0,475523586.61,8.2017,6.9892,0,0
2020-04-30,sz.300185,1.95,2.02,1.94,1.98,149876242.0,295695630.91,5.1359,-0.5025,0,0
2020-05-06,sz.300185,1.95,2.08,1.94,2.05,132951063.0,268416349.59,4.5559,3.5354,0,0
2020-05-07,sz.300185,2.04,2.09,2.0,2.01,93805803.0,191673485.97,3.2145,-1.9512,0,0
2020-05-08,sz.300185,2.03,2.04,1.99,2.0,66095050.0,132818053.63,2.2649,-0.4975,0,0
2020-05-11,sz.300185,1.99,2.01,1.96,1.99,57541517.0,114363032.73,1.9718,-0.5,0,0
2020-05-12,sz.300185,1.99,2.04,1.97,2.04,62582797.0,125524678.56,2.1446,2.5126,0,0
2020-05-13,sz.300185,2.02,2.03,2.0,2.01,47103750.0,95108972.14,1.6141,-1.4706,0,0
2020-05-14,sz.300185,2.0,2.0,1.96,1.96,48816333.0,96644370.34,1.6728,-2.4876,0,0
2020-05-15,sz.300185,1.97,1.98,1.95,1.95,37306021.0,73334550.95,1.2784,-0.5102,0,0
2020-05-18,sz.300185,1.95,1.99,1.95,1.97,38001156.0,75111156.63,1.3022,1.0256,0,0
2020-05-19,sz.300185,1.98,1.99,1.95,1.96,30574443.0,60038921.85,1.0477,-0.5076,0,0
2020-05-20,sz.300185,1.96,1.96,1.9,1.9,42773383.0,82266431.35,1.4657,-3.0612,0,0
2020-05-21,sz.300185,1.92,1.94,1.9,1.93,37591409.0,72257865.28,1.2882,1.5789,0,0
2020-05-22,sz.300185,1.92,1.93,1.87,1.88,28718900.0,54366748.0,0.9841,-2.5907,0,0
2020-05-25,sz.300185,1.89,1.89,1.86,1.87,16426738.0,30804230.56,0.5629,-0.5319,0,0
2020-05-26,sz.300185,1.88,1.92,1.87,1.9,24434999.0,46500693.87,0.8373,1.6043,0,0
2020-05-27,sz.300185,1.91,1.91,1.88,1.88,16343100.0,30903911.5,0.56,-1.0526,0,0
2020-05-28,sz.300185,1.88,1.9,1.86,1.89,23178300.0,43547675.0,0.7943,0.5319,0,0
2020-05-29,sz.300185,1.88,1.89,1.87,1.89,16645600.0,31275373.5,0.5704,0.0,0,0
2020-06-01,sz.300185,1.9,1.93,1.89,1.92,26947403.0,51527448.73,0.9234,1.5873,0,0
2020-06-02,sz.300185,1.92,1.93,1.9,1.92,26810700.0,51426481.0,0.9187,0.0,0,0
2020-06-03,sz.300185,1.92,1.93,1.9,1.91,26233950.0,50209612.0,0.899,-0.5208,0,0
2020-06-04,sz.300185,1.91,1.92,1.88,1.9,20606850.0,39122923.0,0.7061,-0.5236,0,0
2020-06-05,sz.300185,1.9,1.9,1.88,1.89,20491850.0,38752759.5,0.7022,-0.5263,0,0
2020-06-08,sz.300185,1.9,1.94,1.89,1.93,31385684.0,60301534.44,1.0755,2.1164,0,0
2020-06-09,sz.300185,1.92,1.96,1.91,1.95,33260951.0,64440174.05,1.1398,1.0363,0,0
2020-06-10,sz.300185,1.95,1.97,1.93,1.95,22878206.0,44623920.17,0.784,0.0,0,0
2020-06-11,sz.300185,1.94,1.96,1.91,1.91,27169000.0,52558083.0,0.931,-2.0513,0,0
2020-06-12,sz.300185,1.89,1.91,1.87,1.9,24014728.0,45427716.76,0.8229,-0.5236,0,0
2020-06-15,sz.300185,1.89,1.91,1.87,1.88,24749412.0,46747154.8,0.8481,-1.0526,0,0
2020-06-16,sz.300185,1.89,1.9,1.88,1.9,14454300.0,27380897.0,0.4953,1.0638,0,0
2020-06-17,sz.300185,1.9,1.91,1.88,1.9,25075912.0,47519452.18,0.8593,0.0,0,0
2020-06-18,sz.300185,1.9,1.92,1.88,1.91,29638500.0,56334871.5,1.0156,0.5263,0,0
2020-06-19,sz.300185,1.91,1.99,1.9,1.97,79784000.0,156602653.0,2.734,3.1414,0,0
2020-06-22,sz.300185,1.97,1.97,1.97,1.97,0.0,0.0,,0.0,0,0
2020-06-23,sz.300185,1.97,1.97,1.97,1.97,0.0,0.0,,0.0,0,0
2020-06-24,sz.300185,1.97,1.97,1.97,1.97,0.0,0.0,,0.0,0,0
2020-06-29,sz.300185,1.97,1.97,1.97,1.97,0.0,0.0,,0.0,0,0
2020-06-30,sz.300185,2.1,2.1,1.95,1.96,85775643.0,171176706.03,2.9393,-0.5076,0,0
2020-07-01,sz.300185,1.94,1.96,1.91,1.93,54990096.0,106069343.36,1.8844,-1.5306,0,0
2020-07-02,sz.300185,1.94,1.96,1.91,1.94,49561646.0,95658282.52,1.6983,0.5181,0,0
2020-07-03,sz.300185,1.95,2.0,1.94,1.99,52949647.0,104267427.14,1.8144,2.5773,0,0
2020-07-06,sz.300185,1.99,2.08,1.98,2.07,90951251.0,185790954.49,3.1167,4.0201,0,0
2020-07-07,sz.300185,2.1,2.15,2.06,2.11,95958664.0,202889446.29,3.2883,1.9324,0,0
2020-07-08,sz.300185,2.1,2.18,2.09,2.16,78834394.0,168496482.6,2.7015,2.3697,0,0
2020-07-09,sz.300185,2.17,2.2,2.14,2.2,83982609.0,182661962.92,2.8779,1.8518,0,0
2020-07-10,sz.300185,2.25,2.42,2.24,2.33,183526209.0,429740706.83,6.289,5.9091,0,0
2020-07-13,sz.300185,2.3,2.36,2.27,2.33,120378362.0,278377906.58,4.1251,1.7467,0,0
2020-07-14,sz.300185,2.31,2.33,2.21,2.26,116532989.0,264374870.64,3.9933,-3.0043,0,0
2020-07-15,sz.300185,2.26,2.28,2.17,2.19,76426879.0,169016060.6,2.619,-3.0973,0,0
2020-07-16,sz.300185,2.18,2.24,2.13,2.13,77185903.0,168703331.04,2.645,-2.7397,0,0
2020-07-17,sz.300185,2.15,2.17,2.1,2.14,45217021.0,96341837.11,1.5495,0.4695,0,0
2020-07-20,sz.300185,2.15,2.25,2.15,2.24,72822305.0,160587247.46,2.4954,4.6729,0,0
2020-07-21,sz.300185,2.25,2.26,2.18,2.2,48491845.0,107248920.2,1.6617,-1.7857,0,0
2020-07-22,sz.300185,2.19,2.22,2.17,2.2,49918406.0,109687372.64,1.7106,0.0,0,0
2020-07-23,sz.300185,2.18,2.19,2.12,2.17,47043045.0,101539342.16,1.612,-1.3636,0,0
2020-07-24,sz.300185,2.19,2.39,2.17,2.39,388563984.0,922286038.68,13.3151,10.1382,0,0
2020-07-27,sz.300185,2.49,2.63,2.43,2.63,249239241.0,642877099.09,8.5408,10.0418,0,0
2020-07-28,sz.300185,2.7,2.85,2.43,2.55,544095200.0,1424073437.65,18.6447,-3.0418,0,0
2020-07-29,sz.300185,2.41,2.81,2.39,2.81,440143424.0,1146927182.88,15.0826,10.1961,0,0
2020-07-30,sz.300185,2.94,3.05,2.77,2.82,562856336.0,1642669968.32,19.2876,0.3559,0,0
2020-07-31,sz.300185,2.77,2.92,2.73,2.82,339932928.0,959962585.5,11.6486,0.0,0,0
2020-08-03,sz.300185,2.8,3.1,2.74,2.97,387591232.0,1143207892.83,13.2817,5.3191,0,0
2020-08-04,sz.300185,2.92,3.07,2.86,2.87,310348080.0,914148144.15,10.6348,-3.367,0,0
2020-08-05,sz.300185,2.8,2.88,2.73,2.81,222894101.0,622352638.2,7.638,-2.0906,0,0
2020-08-06,sz.300185,2.82,3.03,2.77,2.95,269015280.0,773995626.17,9.2185,4.9822,0,0
2020-08-07,sz.300185,2.88,2.9,2.81,2.83,194447995.0,553998475.2,6.4762,-4.0678,0,0
2020-08-10,sz.300185,2.83,2.91,2.75,2.77,155543350.0,438367207.5,5.1804,-2.1201,0,0
2020-08-11,sz.300185,2.75,2.79,2.61,2.62,188518547.0,507481144.52,6.2787,-5.4152,0,0
2020-08-12,sz.300185,2.61,2.62,2.46,2.55,142661740.0,361436484.9,4.7514,-2.6718,0,0
2020-08-13,sz.300185,2.55,2.67,2.55,2.6,114353073.0,298432504.58,3.8086,1.9608,0,0
2020-08-14,sz.300185,2.56,2.66,2.56,2.64,81422700.0,212810446.0,2.7118,1.5385,0,0
2020-08-17,sz.300185,2.65,2.67,2.61,2.66,101209513.0,267516727.35,3.3708,0.7576,0,0
2020-08-18,sz.300185,2.65,2.67,2.62,2.63,78787023.0,207633312.6,2.624,-1.1278,0,0
2020-08-19,sz.300185,2.63,2.64,2.58,2.59,74457495.0,193768921.0,2.4798,-1.5209,0,0
2020-08-20,sz.300185,2.56,2.57,2.51,2.52,66517456.0,169033710.78,2.2154,-2.7027,0,0
2020-08-21,sz.300185,2.53,2.77,2.52,2.77,247079790.0,671979390.8,8.2291,9.9206,0,0
2020-08-24,sz.300185,2.83,2.98,2.74,2.86,295091120.0,849733343.89,9.8282,3.2491,0,0
2020-08-25,sz.300185,2.84,3.38,2.81,3.26,469129968.0,1488854684.69,15.6246,13.986,0,0
2020-08-26,sz.300185,3.3,3.31,3.0,3.1,361239520.0,1127031552.51,12.0313,-4.908,0,0
2020-08-27,sz.300185,3.03,3.34,2.99,3.21,353389552.0,1132840281.67,11.7698,3.5484,0,0
2020-08-28,sz.300185,3.13,3.85,3.09,3.63,711834112.0,2583472425.66,23.708,13.0841,0,0
2020-08-31,sz.300185,3.54,4.05,3.45,3.69,632133664.0,2339695096.4,21.0535,1.6529,0,0
2020-09-01,sz.300185,3.8,4.0,3.69,3.93,503579184.0,1954824896.96,16.7719,6.5041,0,0
2020-09-02,sz.300185,4.0,4.09,3.68,3.87,611803904.0,2391288939.58,20.3764,-1.5267,0,0
2020-09-03,sz.300185,3.97,4.03,3.51,3.57,503800064.0,1899634376.93,16.7793,-7.7519,0,0
2020-09-04,sz.300185,3.38,3.82,3.34,3.73,387447264.0,1411139693.26,12.9041,4.4818,0,0
2020-09-07,sz.300185,3.69,4.48,3.67,4.48,742109488.0,3082224822.18,24.7163,20.1072,1,0
2020-09-08,sz.300185,4.85,5.38,4.45,5.38,727732192.0,3603231440.94,24.2375,20.0893,1,0
2020-09-09,sz.300185,5.63,6.46,5.63,6.04,1087323168.0,6758369039.7,36.2138,12.2677,0,0
2020-09-10,sz.300185,5.67,6.16,4.83,4.83,792252992.0,4122529508.0,26.3864,-20.0331,0,1
2020-09-11,sz.300185,4.46,5.67,4.04,5.38,862553632.0,4221345029.27,28.7278,11.3872,0,0
2020-09-14,sz.300185,5.51,6.46,5.51,6.46,867971856.0,5134007737.83,28.9082,20.0743,1,0
2020-09-15,sz.300185,6.66,6.78,5.68,5.73,859185040.0,5296145772.27,28.6156,-11.3003,0,0
2020-09-16,sz.300185,5.56,6.06,5.5,5.82,543408128.0,3174024787.39,18.0985,1.5707,0,0
2020-09-17,sz.300185,5.83,5.87,5.32,5.48,552289328.0,3065596278.93,18.3943,-5.8419,0,0
2020-09-18,sz.300185,5.41,5.57,4.96,5.05,562666432.0,2912211934.37,18.7399,-7.8467,0,0
2020-09-21,sz.300185,4.93,5.73,4.92,5.53,621852176.0,3377417551.26,20.7111,9.505,0,0
2020-09-22,sz.300185,5.29,5.49,5.12,5.21,430149712.0,2263919404.89,14.3263,-5.7866,0,0
2020-09-23,sz.300185,5.25,5.3,5.03,5.13,352887168.0,1810958133.08,11.7531,-1.5355,0,0
2020-09-24,sz.300185,5.03,5.08,4.55,4.59,416879872.0,1982292606.0,13.8844,-10.5263,0,0
2020-09-25,sz.300185,4.66,4.75,4.46,4.63,280529344.0,1298052669.56,9.3432,0.8715,0,0
2020-09-28,sz.300185,4.64,4.69,4.35,4.39,241776267.0,1079956963.81,8.0525,-5.1836,0,0
2020-09-29,sz.300185,4.48,4.75,4.42,4.58,311879328.0,1436969011.66,10.3873,4.328,0,0
2020-09-30,sz.300185,4.65,4.78,4.42,4.74,337588592.0,1559361181.67,11.2435,3.4934,0,0
2020-10-09,sz.300185,4.95,5.19,4.82,4.9,376528672.0,1881067398.86,12.5405,3.3755,0,0
2020-10-12,sz.300185,4.85,5.17,4.71,5.17,451542080.0,2250795874.87,15.0388,5.5102,0,0
2020-10-13,sz.300185,5.01,5.65,5.01,5.38,562685824.0,2997643148.81,18.7405,4.0619,0,0
2020-10-14,sz.300185,5.28,5.58,5.23,5.27,455583392.0,2449484221.61,15.1734,-2.0446,0,0
2020-10-15,sz.300185,5.42,5.56,5.27,5.29,353122176.0,1896710840.38,11.7609,0.3795,0,0
2020-10-16,sz.300185,5.17,5.24,5.03,5.06,293742000.0,1499179031.59,9.7832,-4.3478,0,0
2020-10-19,sz.300185,5.09,5.18,4.96,5.13,229389696.0,1165371792.17,7.6399,1.3834,0,0
2020-10-20,sz.300185,5.06,5.16,5.0,5.12,190167756.0,966726130.98,6.3336,-0.1949,0,0
2020-10-21,sz.300185,5.08,5.38,5.07,5.11,291809696.0,1523026993.2,10.2782,-0.1953,0,0
2020-10-22,sz.300185,4.99,4.99,4.7,4.75,317717648.0,1531472811.01,11.1907,-7.045,0,0
2020-10-23,sz.300185,4.75,4.83,4.44,4.55,261406159.0,1208706665.22,9.2073,-4.2105,0,0
2020-10-26,sz.300185,4.5,4.62,4.41,4.55,147548778.0,667114693.87,5.197,0.0,0,0
2020-10-27,sz.300185,4.49,4.75,4.46,4.62,171404875.0,795634649.92,6.0373,1.5385,0,0
2020-10-28,sz.300185,4.57,4.58,4.45,4.54,142338338.0,642996272.99,5.0135,-1.7316,0,0
2020-10-29,sz.300185,4.43,4.72,4.36,4.62,193152324.0,885008093.72,6.8032,1.7621,0,0
2020-10-30,sz.300185,4.65,4.69,4.35,4.35,206645125.0,925776357.45,7.2785,-5.8442,0,0
2020-11-02,sz.300185,4.41,4.48,4.27,4.33,128914071.0,563843146.62,4.5406,-0.4598,0,0
2020-11-03,sz.300185,4.35,4.48,4.27,4.43,150318666.0,660513923.3,5.2945,2.3095,0,0
2020-11-04,sz.300185,4.43,4.48,4.3,4.34,130753260.0,571090095.56,4.6054,-2.0316,0,0
2020-11-05,sz.300185,4.32,4.39,4.14,4.22,225427522.0,956948060.02,7.94,-2.765,0,0
2020-11-06,sz.300185,4.21,4.26,4.0,4.02,211913956.0,866725279.16,7.4641,-4.7393,0,0
2020-11-09,sz.300185,4.07,4.33,4.06,4.23,226361045.0,957361243.98,7.9729,5.2239,0,0
2020-11-10,sz.300185,4.27,4.29,4.04,4.06,167964100.0,691658521.38,5.9161,-4.0189,0,0
2020-11-11,sz.300185,4.08,4.11,3.92,3.94,133402124.0,530506628.71,4.6987,-2.9557,0,0
2020-11-12,sz.300185,3.95,4.03,3.83,3.93,174439940.0,686300261.1,6.1442,-0.2538,0,0
2020-11-13,sz.300185,3.91,3.95,3.81,3.86,128630438.0,497255089.98,4.5306,-1.7812,0,0
2020-11-16,sz.300185,3.9,3.93,3.74,3.86,148571249.0,567383969.81,5.233,0.0,0,0
2020-11-17,sz.300185,3.87,3.89,3.7,3.74,130216493.0,488592907.61,4.5865,-3.1088,0,0
2020-11-18,sz.300185,3.75,3.89,3.71,3.76,157035200.0,596319887.0,5.5311,0.5348,0,0
2020-11-19,sz.300185,3.75,4.38,3.66,4.26,442841504.0,1795675861.95,15.5978,13.2979,0,0
2020-11-20,sz.300185,4.12,4.3,4.03,4.08,284805616.0,1175988914.76,10.0315,-4.2254,0,0
2020-11-23,sz.300185,4.11,4.25,4.04,4.13,193593490.0,804092757.96,6.8188,1.2255,0,0
2020-11-24,sz.300185,4.09,4.17,4.05,4.1,125097696.0,512695116.26,4.4062,-0.7264,0,0
2020-11-25,sz.300185,4.14,4.15,3.98,3.98,132029730.0,535138902.7,4.6504,-2.9268,0,0
2020-11-26,sz.300185,3.97,4.3,3.93,4.17,240346794.0,991947917.87,8.4655,4.7739,0,0
2020-11-27,sz.300185,4.11,4.24,4.05,4.1,180714735.0,746431617.56,6.3652,-1.6787,0,0
2020-11-30,sz.300185,4.13,4.15,4.05,4.05,120562954.0,492354409.05,4.2465,-1.2195,0,0
2020-12-01,sz.300185,4.06,4.14,4.04,4.08,114020725.0,464982600.89,4.0161,0.7407,0,0
2020-12-02,sz.300185,4.06,4.18,4.01,4.1,147487600.0,604409948.0,5.1948,0.4902,0,0
2020-12-03,sz.300185,4.06,4.08,4.01,4.01,112605824.0,454406469.96,3.9662,-2.1951,0,0
2020-12-04,sz.300185,4.01,4.05,3.98,3.99,68862771.0,275371675.64,2.4255,-0.4988,0,0
2020-12-07,sz.300185,4.0,4.02,3.83,3.85,116071432.0,451708020.86,4.0883,-3.5088,0,0
2020-12-08,sz.300185,3.83,3.92,3.82,3.85,61641952.0,238349377.64,2.1712,0.0,0,0
2020-12-09,sz.300185,3.85,3.98,3.76,3.87,130243830.0,503755816.0,4.5875,0.5195,0,0
2020-12-10,sz.300185,3.81,3.98,3.77,3.91,119834132.0,465719213.18,4.2208,1.0336,0,0
2020-12-11,sz.300185,3.89,4.19,3.86,4.05,231526442.0,937748893.63,8.1549,3.5806,0,0
2020-12-14,sz.300185,4.07,4.4,4.07,4.25,295428096.0,1257057082.7,10.4056,4.9383,0,0
2020-12-15,sz.300185,4.16,4.21,4.05,4.06,186048912.0,761819240.97,6.553,-4.4706,0,0
2020-12-16,sz.300185,4.08,4.14,3.92,3.98,152062014.0,612596391.91,5.356,-1.9704,0,0
2020-12-17,sz.300185,3.93,3.97,3.85,3.93,119825353.0,468288096.14,4.2205,-1.2563,0,0
2020-12-18,sz.300185,3.92,4.01,3.89,3.94,88155474.0,347640964.66,3.105,0.2545,0,0
2020-12-21,sz.300185,3.91,4.09,3.91,4.02,118179199.0,472844693.63,4.1625,2.0305,0,0
2020-12-22,sz.300185,3.98,4.04,3.85,3.85,128352703.0,504906045.94,4.5209,-4.2289,0,0
2020-12-23,sz.300185,3.86,4.04,3.86,4.02,175734955.0,701226915.89,6.1898,4.4156,0,0
2020-12-24,sz.300185,4.02,4.25,4.01,4.1,235733559.0,973516406.03,8.303,1.99,0,0
2020-12-25,sz.300185,4.04,4.19,4.01,4.07,172323838.0,705791888.61,6.0696,-0.7317,0,0
2020-12-28,sz.300185,4.09,4.12,3.91,3.94,154768903.0,613383012.7,5.4513,-3.1941,0,0
2020-12-29,sz.300185,3.91,3.94,3.86,3.86,96361212.0,374647677.04,3.3941,-2.0305,0,0
2020-12-30,sz.300185,3.83,3.9,3.83,3.83,88499755.0,340858253.82,3.1172,-0.7772,0,0
2020-12-31,sz.300185,3.83,3.93,3.83,3.88,96309462.0,372551478.5,3.3922,1.3055,0,0
2021-01-04,sz.300185,3.87,4.04,3.86,3.98,145089908.0,575564235.35,5.1104,2.5773,0,0
2021-01-05,sz.300185,3.95,3.97,3.86,3.87,138628100.0,539875788.97,4.8828,-2.7638,0,0
2021-01-06,sz.300185,3.85,3.97,3.76,3.88,142407800.0,549647069.91,5.0159,0.2584,0,0
2021-01-07,sz.300185,3.84,3.84,3.68,3.7,153864800.0,576140309.0,5.4195,-4.6392,0,0
2021-01-08,sz.300185,3.67,3.69,3.43,3.56,125613412.0,446828007.6,4.4244,-3.7838,0,0
2021-01-11,sz.300185,3.55,3.55,3.3,3.31,148902435.0,506652105.2,5.2447,-7.0225,0,0
2021-01-12,sz.300185,3.29,3.47,3.26,3.35,90209150.0,304616201.61,3.1774,1.2085,0,0
2021-01-13,sz.300185,3.35,3.41,3.25,3.27,96359777.0,319079944.76,3.394,-2.3881,0,0
2021-01-14,sz.300185,3.23,3.29,3.16,3.19,86689400.0,278169985.0,3.0534,-2.4465,0,0
2021-01-15,sz.300185,3.19,3.38,3.18,3.33,108797670.0,357047688.39,3.8321,4.3887,0,0
2021-01-18,sz.300185,3.32,3.4,3.3,3.37,84965978.0,286002751.08,2.9927,1.2012,0,0
2021-01-19,sz.300185,3.4,3.54,3.31,3.46,131856518.0,452426656.48,4.6443,2.6706,0,0
2021-01-20,sz.300185,3.42,3.49,3.38,3.4,89489210.0,306108523.24,3.152,-1.7341,0,0
2021-01-21,sz.300185,3.38,3.59,3.34,3.48,141404112.0,490813106.35,4.9806,2.3529,0,0
2021-01-22,sz.300185,3.46,3.47,3.35,3.37,89911153.0,305301413.67,3.1669,-3.1609,0,0
2021-01-25,sz.300185,3.35,3.43,3.27,3.29,74411616.0,248156529.89,2.6209,-2.3739,0,0
2021-01-26,sz.300185,3.29,3.4,3.19,3.23,93478550.0,306743434.5,3.2925,-1.8237,0,0
2021-01-27,sz.300185,3.22,3.36,3.18,3.29,92901850.0,303780098.0,3.2722,1.8576,0,0
2021-01-28,sz.300185,3.26,3.44,3.23,3.31,113148300.0,379120843.91,3.9853,0.6079,0,0
2021-01-29,sz.300185,3.31,3.34,3.16,3.19,91557603.0,295050598.54,3.2249,-3.6254,0,0
2021-02-01,sz.300185,3.16,3.24,3.14,3.22,58161153.0,185781140.57,2.0486,0.9404,0,0
2021-02-02,sz.300185,3.22,3.24,3.13,3.14,66587816.0,210602682.65,2.3454,-2.4845,0,0
2021-02-03,sz.300185,3.14,3.14,2.99,2.99,98225455.0,297955443.6,3.4597,-4.7771,0,0
2021-02-04,sz.300185,2.98,3.04,2.83,2.9,92678306.0,270334398.63,3.2643,-3.01,0,0
2021-02-05,sz.300185,2.9,3.02,2.86,2.91,66548343.0,194832361.49,2.344,0.3448,0,0
2021-02-08,sz.300185,2.91,2.94,2.82,2.88,50748700.0,146019228.0,1.7875,-1.0309,0,0
2021-02-09,sz.300185,2.9,3.05,2.86,3.02,95924321.0,284724025.42,3.3787,4.8611,0,0
2021-02-10,sz.300185,3.0,3.05,2.97,3.0,62642200.0,188332308.0,2.2064,-0.6623,0,0
2021-02-18,sz.300185,3.05,3.17,3.04,3.12,91995514.0,285627725.56,3.2403,4.0,0,0
2021-02-19,sz.300185,3.15,3.45,3.12,3.36,173613764.0,575040292.07,6.1151,7.6923,0,0
2021-02-22,sz.300185,3.4,3.54,3.37,3.39,168115719.0,578848825.04,5.9214,0.8929,0,0
2021-02-23,sz.300185,3.45,3.54,3.35,3.41,134086961.0,461582043.73,4.7228,0.59,0,0
2021-02-24,sz.300185,3.38,3.5,3.36,3.45,127366850.0,438114373.5,4.4861,1.173,0,0
2021-02-25,sz.300185,3.48,3.49,3.33,3.34,107189086.0,360647412.29,3.7754,-3.1884,0,0
2021-02-26,sz.300185,3.38,3.45,3.35,3.36,95229498.0,322249604.72,3.3542,0.5988,0,0
2021-03-01,sz.300185,3.33,3.41,3.29,3.38,114109506.0,381093353.1,3.7221,0.5952,0,0
2021-03-02,sz.300185,3.38,3.38,3.23,3.26,89721100.0,294993801.0,2.9266,-3.5503,0,0
2021-03-03,sz.300185,3.28,3.34,3.22,3.29,71984102.0,236187687.06,2.348,0.9202,0,0
2021-03-04,sz.300185,3.27,3.47,3.26,3.39,153661156.0,519960500.14,5.0122,3.0395,0,0
2021-03-05,sz.300185,3.35,3.49,3.31,3.45,155674384.0,530004017.17,5.0779,1.7699,0,0
2021-03-08,sz.300185,3.5,3.72,3.46,3.47,212033471.0,756463432.27,6.9163,0.5797,0,0
2021-03-09,sz.300185,3.43,3.64,3.25,3.58,237386372.0,831938328.6,7.7432,3.17,0,0
2021-03-10,sz.300185,3.59,3.65,3.42,3.43,143488554.0,502700836.82,4.6804,-4.1899,0,0
2021-03-11,sz.300185,3.4,3.47,3.33,3.45,107195285.0,365091763.14,3.4966,0.5831,0,0
2021-03-12,sz.300185,3.43,3.57,3.36,3.51,132571736.0,459702114.59,4.3243,1.7391,0,0
2021-03-15,sz.300185,3.48,3.53,3.37,3.41,106032318.0,365541985.02,3.4586,-2.849,0,0
2021-03-16,sz.300185,3.41,3.51,3.39,3.5,109590753.0,380393378.41,3.5747,2.6393,0,0
2021-03-17,sz.300185,3.49,3.5,3.4,3.44,89619253.0,308105008.7,2.9233,-1.7143,0,0
2021-03-18,sz.300185,3.42,3.43,3.33,3.34,101984453.0,343293330.14,3.3266,-2.907,0,0
2021-03-19,sz.300185,3.28,3.41,3.28,3.33,71888688.0,240867610.04,2.3449,-0.2994,0,0
2021-03-22,sz.300185,3.33,3.48,3.33,3.45,109440388.0,374653772.96,3.5698,3.6036,0,0
2021-03-23,sz.300185,3.44,3.45,3.32,3.33,90236127.0,303122463.18,2.9434,-3.4783,0,0
2021-03-24,sz.300185,3.32,3.35,3.25,3.27,65632600.0,216084490.0,2.1409,-1.8018,0,0
2021-03-25,sz.300185,3.26,3.28,3.2,3.21,49059661.0,158799461.03,1.6003,-1.8349,0,0
2021-03-26,sz.300185,3.23,3.32,3.22,3.27,52526953.0,172075695.81,1.7134,1.8692,0,0
2021-03-29,sz.300185,3.27,3.3,3.23,3.24,44527300.0,145095608.0,1.4524,-0.9174,0,0
2021-03-30,sz.300185,3.24,3.24,3.18,3.18,51120912.0,163804909.64,1.6675,-1.8519,0,0
2021-03-31,sz.300185,3.17,3.21,3.13,3.21,42072915.0,133493817.31,1.3724,0.9434,0,0
2021-04-01,sz.300185,3.21,3.21,3.15,3.17,32358000.0,102653605.0,1.0555,-1.2461,0,0
2021-04-02,sz.300185,3.18,3.18,3.14,3.15,36554300.0,115293280.0,1.1924,-0.6309,0,0
2021-04-06,sz.300185,3.15,3.22,3.14,3.2,41304450.0,131875650.0,1.3473,1.5873,0,0
2021-04-07,sz.300185,3.19,3.23,3.16,3.21,40695909.0,130073362.06,1.3274,0.3125,0,0
2021-04-08,sz.300185,3.26,3.34,3.23,3.25,78933303.0,259270860.72,2.5747,1.2461,0,0
2021-04-09,sz.300185,3.23,3.25,3.17,3.2,44109106.0,140875391.08,1.4388,-1.5385,0,0
2021-04-12,sz.300185,3.21,3.34,3.21,3.29,106733051.0,351687085.71,3.4815,2.8125,0,0
2021-04-13,sz.300185,3.3,3.33,3.19,3.27,86007468.0,279675027.19,2.8055,-0.6079,0,0
2021-04-14,sz.300185,3.26,3.32,3.22,3.29,59494759.0,194296072.1,1.9406,0.6116,0,0
2021-04-15,sz.300185,3.26,3.27,3.2,3.21,51873759.0,167357334.98,1.6921,-2.4316,0,0
2021-04-16,sz.300185,3.21,3.26,3.18,3.23,42753900.0,137578866.0,1.3946,0.6231,0,0
2021-04-19,sz.300185,3.23,3.26,3.21,3.24,47047811.0,152464687.64,1.5346,0.3096,0,0
2021-04-20,sz.300185,3.24,3.29,3.22,3.22,46491803.0,150998787.05,1.5165,-0.6173,0,0
2021-04-21,sz.300185,3.21,3.21,3.16,3.17,46605250.0,147996792.33,1.5202,-1.5528,0,0
2021-04-22,sz.300185,3.17,3.18,3.14,3.16,39901306.0,125989072.96,1.3015,-0.3155,0,0
2021-04-23,sz.300185,3.16,3.17,3.09,3.1,45741384.0,142693928.4,1.492,-1.8987,0,0
2021-04-26,sz.300185,3.1,3.17,3.1,3.12,36702700.0,115064657.0,1.1972,0.6452,0,0
2021-04-27,sz.300185,3.11,3.11,3.02,3.05,43491650.0,132610834.0,1.4186,-2.2436,0,0
2021-04-28,sz.300185,3.03,3.09,3.02,3.04,29028650.0,88574360.0,0.9469,-0.3279,0,0
2021-04-29,sz.300185,3.06,3.07,3.01,3.02,35424050.0,107769871.47,1.1555,-0.6579,0,0
2021-04-30,sz.300185,3.02,3.04,2.97,3.0,40736207.0,121984858.01,1.3288,-0.6623,0,0
2021-05-06,sz.300185,3.0,3.02,2.98,3.0,31603304.0,94625313.96,1.0309,0.0,0,0
2021-05-07,sz.300185,3.01,3.08,2.98,3.05,48691600.0,148026140.0,1.5883,1.6667,0,0
2021-05-10,sz.300185,3.04,3.06,3.02,3.04,35358732.0,107404609.56,1.1534,-0.3279,0,0
2021-05-11,sz.300185,3.03,3.04,2.98,3.03,40755819.0,122616409.77,1.3294,-0.3289,0,0
2021-05-12,sz.300185,3.01,3.03,3.0,3.03,27290155.0,82267154.46,0.8902,0.0,0,0
2021-05-13,sz.300185,3.01,3.08,3.0,3.04,47669713.0,145139759.67,1.5549,0.33,0,0
2021-05-14,sz.300185,3.02,3.1,3.02,3.09,58378694.0,178835816.47,1.9042,1.6447,0,0
2021-05-17,sz.300185,3.03,3.04,2.98,2.99,74896818.0,224777984.5,2.443,-3.2362,0,0
2021-05-18,sz.300185,2.97,2.98,2.91,2.95,50851803.0,149590989.79,1.6587,-1.3378,0,0
2021-05-19,sz.300185,2.93,2.95,2.9,2.91,41422536.0,120966489.62,1.3512,-1.3559,0,0
2021-05-20,sz.300185,2.91,2.94,2.9,2.92,32037500.0,93527608.0,1.045,0.3436,0,0
2021-05-21,sz.300185,2.91,2.93,2.9,2.92,29155223.0,85026646.05,0.951,0.0,0,0
2021-05-24,sz.300185,2.91,2.94,2.9,2.93,26662700.0,78051061.0,0.8697,0.3425,0,0
2021-05-25,sz.300185,2.93,2.94,2.9,2.94,31498900.0,92077014.0,1.0275,0.3413,0,0
2021-05-26,sz.300185,2.93,3.16,2.92,3.06,124848817.0,382187461.67,4.0724,4.0816,0,0
2021-05-27,sz.300185,3.14,3.14,3.04,3.06,65608000.0,201382286.97,2.1401,0.0,0,0
2021-05-28,sz.300185,3.04,3.06,3.0,3.02,49432600.0,149416683.0,1.6124,-1.3072,0,0
2021-05-31,sz.300185,3.02,3.02,2.99,3.0,31650614.0,94896901.5,1.0324,-0.6623,0,0
2021-06-01,sz.300185,3.0,3.07,2.98,3.04,46543319.0,141142833.0,1.5182,1.3333,0,0
2021-06-02,sz.300185,3.02,3.04,2.98,2.99,38779803.0,116320375.97,1.2649,-1.6447,0,0
2021-06-03,sz.300185,3.0,3.01,2.98,2.98,28056900.0,84041837.0,0.9152,-0.3344,0,0
2021-06-04,sz.300185,2.98,2.99,2.96,2.97,30636500.0,90961008.0,0.9993,-0.3356,0,0
2021-06-07,sz.300185,2.97,2.98,2.94,2.95,27101950.0,80099805.5,0.884,-0.6734,0,0
2021-06-08,sz.300185,2.94,3.04,2.94,3.02,60394159.0,180852846.05,1.97,2.3729,0,0
2021-06-09,sz.300185,3.02,3.02,2.96,2.97,42174600.0,125912271.0,1.3757,-1.6556,0,0
2021-06-10,sz.300185,2.96,3.0,2.96,2.97,30719664.0,91470281.08,1.002,0.0,0,0
2021-06-11,sz.300185,2.96,2.97,2.94,2.95,37797550.0,111656629.0,1.2329,-0.6734,0,0
2021-06-15,sz.300185,2.95,2.99,2.92,2.97,38757450.0,114588185.5,1.2642,0.678,0,0
2021-06-16,sz.300185,2.95,2.96,2.91,2.92,41216306.0,120668159.52,1.3444,-1.6835,0,0
2021-06-17,sz.300185,2.92,2.95,2.9,2.91,31302900.0,91368661.0,1.0211,-0.3425,0,0
2021-06-18,sz.300185,2.92,2.96,2.9,2.94,40483000.0,119143489.0,1.3205,1.0309,0,0
2021-06-21,sz.300185,2.92,3.08,2.92,3.05,111550050.0,337067897.85,3.6386,3.7415,0,0
2021-06-22,sz.300185,3.05,3.29,3.01,3.21,226209468.0,715801712.91,7.3787,5.2459,0,0
2021-06-23,sz.300185,3.17,3.19,3.08,3.1,140382224.0,439186200.37,4.5791,-3.4268,0,0
2021-06-24,sz.300185,3.08,3.15,3.08,3.08,80373000.0,249776654.0,2.6217,-0.6452,0,0
2021-06-25,sz.300185,3.07,3.11,3.04,3.07,64199362.0,197086876.72,2.0941,-0.3247,0,0
2021-06-28,sz.300185,3.05,3.09,3.03,3.05,51862450.0,158516314.5,1.6917,-0.6515,0,0
2021-06-29,sz.300185,3.06,3.07,3.01,3.02,46137900.0,140276712.0,1.505,-0.9836,0,0
2021-06-30,sz.300185,3.03,3.06,3.01,3.06,44034655.0,133363102.55,1.4364,1.3245,0,0
2021-07-01,sz.300185,3.04,3.06,2.97,2.97,48849100.0,147093299.0,1.5934,-2.9412,0,0
2021-07-02,sz.300185,2.94,2.97,2.94,2.96,30215811.0,89444957.34,0.9856,-0.3367,0,0
2021-07-05,sz.300185,2.97,3.02,2.96,3.01,30907676.0,92903196.74,1.0082,1.6892,0,0
2021-07-06,sz.300185,2.98,3.0,2.94,2.97,40357144.0,119825963.27,1.3164,0.3378,0,0
2021-07-07,sz.300185,2.97,3.08,2.95,3.05,72148552.0,217616463.63,2.3534,2.6936,0,0
2021-07-08,sz.300185,3.04,3.09,3.01,3.03,61976923.0,188603873.15,2.0216,-0.6557,0,0
2021-07-09,sz.300185,3.02,3.07,3.01,3.05,46385220.0,140944701.46,1.513,0.6601,0,0
2021-07-12,sz.300185,3.05,3.07,3.04,3.06,50227600.0,153177425.0,1.6384,0.3279,0,0
2021-07-13,sz.300185,3.06,3.22,3.02,3.16,134090157.0,417504334.0,4.3739,3.268,0,0
2021-07-14,sz.300185,3.12,3.16,3.07,3.08,93167950.0,289211485.94,3.039,-2.5316,0,0
2021-07-15,sz.300185,3.07,3.09,3.03,3.06,54421150.0,166665498.0,1.7751,-0.6494,0,0
2021-07-16,sz.300185,3.06,3.16,3.04,3.1,88478476.0,274912418.56,2.8861,1.3072,0,0
2021-07-19,sz.300185,3.07,3.19,3.07,3.13,82485750.0,259112269.0,2.6906,0.9677,0,0
2021-07-20,sz.300185,3.1,3.32,3.08,3.25,199141461.0,642045172.08,6.4957,3.8339,0,0
2021-07-21,sz.300185,3.25,3.52,3.24,3.43,305567616.0,1037705574.51,9.9672,5.5385,0,0
2021-07-22,sz.300185,3.44,3.77,3.37,3.5,362798400.0,1287208149.67,11.834,2.0408,0,0
2021-07-23,sz.300185,3.5,3.66,3.44,3.46,259384149.0,917438678.67,8.4608,-1.1429,0,0
2021-07-26,sz.300185,3.46,3.54,3.36,3.47,201416583.0,699124079.25,6.57,0.289,0,0
2021-07-27,sz.300185,3.45,3.54,3.27,3.3,222250669.0,760022474.07,7.2495,-4.8991,0,0
2021-07-28,sz.300185,3.25,3.36,3.03,3.22,161811480.0,521539995.9,5.2781,-2.4242,0,0
2021-07-29,sz.300185,3.29,3.34,3.22,3.27,120835744.0,396063681.54,3.9415,1.5528,0,0
2021-07-30,sz.300185,3.25,3.45,3.22,3.39,173756102.0,586003924.7,5.6677,3.6697,0,0
2021-08-02,sz.300185,3.45,3.55,3.36,3.5,192991458.0,666897219.42,6.2951,3.2448,0,0
2021-08-03,sz.300185,3.46,3.6,3.38,3.4,172831308.0,597585093.08,5.6375,-2.8571,0,0
2021-08-04,sz.300185,3.38,3.55,3.33,3.5,170115582.0,591249029.22,5.549,2.9412,0,0
2021-08-05,sz.300185,3.48,4.2,3.47,4.03,761882560.0,3058368010.18,24.8516,15.1429,0,0
2021-08-06,sz.300185,3.8,3.88,3.73,3.81,510281568.0,1937357697.89,16.6447,-5.4591,0,0
2021-08-09,sz.300185,3.77,3.85,3.66,3.66,272968672.0,1013816744.72,8.9039,-3.937,0,0
2021-08-10,sz.300185,3.7,3.82,3.66,3.79,250573347.0,938703917.56,8.1734,3.5519,0,0
2021-08-11,sz.300185,3.74,3.93,3.7,3.88,251601667.0,957303330.29,8.2069,2.3747,0,0
2021-08-12,sz.300185,3.83,3.88,3.75,3.76,179125191.0,678638112.33,5.8428,-3.0928,0,0
2021-08-13,sz.300185,3.85,3.96,3.77,3.79,175251946.0,671170974.98,5.7165,0.7979,0,0
2021-08-16,sz.300185,3.76,3.77,3.62,3.62,164722652.0,602813586.6,5.373,-4.4855,0,0
2021-08-17,sz.300185,3.6,3.73,3.58,3.63,134394431.0,491261272.22,4.3838,0.2762,0,0
2021-08-18,sz.300185,3.62,3.7,3.6,3.67,100261348.0,366085440.24,3.2704,1.1019,0,0
2021-08-19,sz.300185,3.65,3.66,3.47,3.49,146562155.0,517798429.07,4.7807,-4.9046,0,0
2021-08-20,sz.300185,3.47,3.78,3.45,3.65,187504238.0,681162297.44,6.1162,4.5845,0,0
2021-08-23,sz.300185,3.64,3.95,3.63,3.83,243659882.0,926088218.67,7.9479,4.9315,0,0
2021-08-24,sz.300185,3.82,3.92,3.73,3.8,176494030.0,673254827.4,5.757,-0.7833,0,0
2021-08-25,sz.300185,3.81,3.84,3.73,3.78,120072764.0,452329864.14,3.9166,-0.5263,0,0
2021-08-26,sz.300185,3.78,3.86,3.71,3.71,127585100.0,481539338.5,4.1617,-1.8519,0,0
2021-08-27,sz.300185,3.7,3.75,3.6,3.63,121314000.0,442101426.0,3.9571,-2.1563,0,0
2021-08-30,sz.300185,3.58,3.73,3.58,3.67,104117381.0,382449273.03,3.3962,1.1019,0,0
2021-08-31,sz.300185,3.67,3.67,3.51,3.55,114281128.0,407513412.02,3.7277,-3.2698,0,0
2021-09-01,sz.300185,3.53,3.63,3.48,3.6,108074259.0,385144462.72,3.5252,1.4085,0,0
2021-09-02,sz.300185,3.57,3.95,3.55,3.84,265107236.0,1007325680.39,8.6475,6.6667,0,0
2021-09-03,sz.300185,3.79,3.95,3.78,3.83,253945134.0,982764618.05,8.2834,-0.2604,0,0
2021-09-06,sz.300185,3.92,4.02,3.81,3.84,190131797.0,736623040.39,6.2019,0.2611,0,0
2021-09-07,sz.300185,3.81,3.95,3.78,3.88,186385713.0,718881827.3,6.0797,1.0417,0,0
2021-09-08,sz.300185,3.9,4.07,3.87,3.94,215262003.0,850839279.07,7.0216,1.5464,0,0
2021-09-09,sz.300185,3.88,3.89,3.8,3.81,166232956.0,635779864.83,5.4223,-3.2995,0,0
2021-09-10,sz.300185,3.83,3.92,3.79,3.82,118085174.0,452811247.68,3.8518,0.2625,0,0
2021-09-13,sz.300185,3.82,4.0,3.76,3.99,248046813.0,971663147.79,8.091,4.4503,0,0
2021-09-14,sz.300185,3.97,4.01,3.84,3.86,178005659.0,695971318.27,5.8063,-3.2581,0,0
2021-09-15,sz.300185,3.87,4.18,3.82,4.03,313917392.0,1254483789.2,10.2396,4.4041,0,0
2021-09-16,sz.300185,4.04,4.32,3.99,4.01,376155648.0,1555940584.17,12.2697,-0.4963,0,0
2021-09-17,sz.300185,4.0,4.3,3.98,4.19,393604816.0,1648210285.01,12.8389,4.4888,0,0
2021-09-22,sz.300185,4.1,4.65,4.07,4.46,450492208.0,1964226492.24,14.6945,6.4439,0,0
2021-09-23,sz.300185,4.4,4.44,4.21,4.3,341538784.0,1468768037.78,11.1406,-3.5874,0,0
2021-09-24,sz.300185,4.27,4.31,4.07,4.09,214576710.0,893130609.76,6.9992,-4.8837,0,0
2021-09-27,sz.300185,4.14,4.19,3.76,3.8,212232707.0,833122866.79,6.9228,-7.0905,0,0
2021-09-28,sz.300185,3.73,3.93,3.69,3.81,133071043.0,509419467.13,4.3406,0.2632,0,0
2021-09-29,sz.300185,3.75,3.8,3.54,3.55,153654028.0,560904577.81,5.012,-6.8241,0,0
2021-09-30,sz.300185,3.6,3.69,3.58,3.64,93073728.0,338420586.48,3.0359,2.5352,0,0
2021-10-08,sz.300185,3.63,3.71,3.45,3.51,134293916.0,475370045.74,4.3805,-3.5714,0,0
2021-10-11,sz.300185,3.53,3.54,3.39,3.43,92994529.0,320542621.36,3.0334,-2.2792,0,0
2021-10-12,sz.300185,3.42,3.48,3.29,3.35,102543694.0,344931393.2,3.3448,-2.3324,0,0
2021-10-13,sz.300185,3.33,3.36,3.23,3.3,73961176.0,243391732.04,2.4125,-1.4925,0,0
2021-10-14,sz.300185,3.29,3.37,3.28,3.34,58886209.0,196825130.97,1.9208,1.2121,0,0
2021-10-15,sz.300185,3.34,3.35,3.25,3.28,61654800.0,202884229.5,2.0111,-1.7964,0,0
2021-10-18,sz.300185,3.31,3.44,3.3,3.39,83714794.0,283122227.6,2.7307,3.3537,0,0
2021-10-19,sz.300185,3.36,3.43,3.35,3.38,56514449.0,191251833.53,1.8434,-0.295,0,0
2021-10-20,sz.300185,3.36,3.47,3.32,3.43,82922494.0,282997408.33,2.7048,1.4793,0,0
2021-10-21,sz.300185,3.4,3.46,3.36,3.39,62467100.0,212361206.0,2.0376,-1.1662,0,0
2021-10-22,sz.300185,3.37,3.39,3.21,3.21,95591128.0,313354747.5,3.1181,-5.3097,0,0
2021-10-25,sz.300185,3.2,3.33,3.17,3.26,54601800.0,178376446.5,1.781,1.5576,0,0
2021-10-26,sz.300185,3.26,3.3,3.19,3.2,60456620.0,195402949.46,1.972,-1.8405,0,0
2021-10-27,sz.300185,3.2,3.3,3.2,3.27,82100414.0,267941205.7,2.678,2.1875,0,0
2021-10-28,sz.300185,3.25,3.31,3.18,3.22,72596724.0,235244124.0,2.368,-1.5291,0,0
2021-10-29,sz.300185,3.18,3.22,3.02,3.15,95657560.0,298016471.83,3.1202,-2.1739,0,0
2021-11-01,sz.300185,3.14,3.36,3.12,3.32,120702999.0,393039939.49,3.9372,5.3968,0,0
2021-11-02,sz.300185,3.31,3.39,3.26,3.36,118537559.0,394039486.29,3.8665,1.2048,0,0
2021-11-03,sz.300185,3.32,3.35,3.26,3.31,71404303.0,235513687.84,2.3291,-1.4881,0,0
2021-11-04,sz.300185,3.32,3.55,3.32,3.49,182962195.0,634890703.07,5.968,5.4381,0,0
2021-11-05,sz.300185,3.48,3.51,3.41,3.43,126708903.0,437899333.38,4.1331,-1.7192,0,0
2021-11-08,sz.300185,3.42,3.45,3.35,3.36,88427103.0,298823354.96,2.8844,-2.0408,0,0
2021-11-09,sz.300185,3.39,3.46,3.36,3.39,68596608.0,232731923.46,2.2375,0.8929,0,0
2021-11-10,sz.300185,3.35,3.39,3.3,3.36,73992660.0,247218252.06,2.4135,-0.885,0,0
2021-11-11,sz.300185,3.34,3.38,3.32,3.32,66606303.0,222687864.99,2.1726,-1.1905,0,0
2021-11-12,sz.300185,3.34,3.39,3.32,3.37,74046074.0,248694684.08,2.4153,1.506,0,0
2021-11-15,sz.300185,3.37,3.41,3.32,3.35,58812809.0,196703029.24,1.9184,-0.5935,0,0
2021-11-16,sz.300185,3.35,3.36,3.26,3.27,76762791.0,253705787.01,2.5039,-2.3881,0,0
2021-11-17,sz.300185,3.25,3.45,3.24,3.43,130224713.0,438722198.38,4.2478,4.893,0,0
2021-11-18,sz.300185,3.4,3.82,3.39,3.65,325950112.0,1189911294.3,10.6321,6.414,0,0
2021-11-19,sz.300185,3.66,3.88,3.65,3.84,320624416.0,1220183521.46,10.4584,5.2055,0,0
2021-11-22,sz.300185,3.86,4.21,3.85,4.07,383052000.0,1554247615.62,12.4947,5.9896,0,0
2021-11-23,sz.300185,4.07,4.15,3.96,3.99,284991344.0,1149755506.25,9.2961,-1.9656,0,0
2021-11-24,sz.300185,3.96,3.99,3.84,3.86,186237306.0,725972525.98,6.0748,-3.2581,0,0
2021-11-25,sz.300185,3.88,3.9,3.71,3.74,159221818.0,599114590.84,5.1936,-3.1088,0,0
2021-11-26,sz.300185,3.75,3.81,3.68,3.76,176945850.0,663621139.51,5.7718,0.5348,0,0
2021-11-29,sz.300185,3.7,3.75,3.65,3.69,129087916.0,475990860.98,4.2107,-1.8617,0,0
2021-11-30,sz.300185,3.68,3.78,3.63,3.64,146506150.0,542316512.5,4.7788,-1.355,0,0
2021-12-01,sz.300185,3.65,3.69,3.61,3.68,97299499.0,355764965.35,3.1738,1.0989,0,0
2021-12-02,sz.300185,3.66,3.69,3.53,3.54,148584755.0,532261494.23,4.8466,-3.8043,0,0
2021-12-03,sz.300185,3.53,3.63,3.51,3.57,110465500.0,395120460.0,3.6032,0.8475,0,0
2021-12-06,sz.300185,3.59,3.83,3.57,3.71,202863950.0,754903581.94,6.6172,3.9216,0,0
2021-12-07,sz.300185,3.71,3.74,3.53,3.59,154019769.0,553515494.23,5.0239,-3.2345,0,0
2021-12-08,sz.300185,3.58,3.7,3.56,3.63,94502181.0,344105699.47,3.0825,1.1142,0,0
2021-12-09,sz.300185,3.64,3.65,3.58,3.62,80267550.0,289793897.5,2.6182,-0.2755,0,0
2021-12-10,sz.300185,3.6,3.63,3.57,3.59,60458700.0,217208377.5,1.9721,-0.8287,0,0
2021-12-13,sz.300185,3.58,3.62,3.57,3.6,66473169.0,239119670.59,2.1683,0.2786,0,0
2021-12-14,sz.300185,3.58,3.73,3.58,3.67,112396566.0,412874201.69,3.6662,1.9444,0,0
2021-12-15,sz.300185,3.64,3.79,3.6,3.78,180490391.0,670845774.39,5.8874,2.9973,0,0
2021-12-16,sz.300185,3.76,3.81,3.72,3.75,98939026.0,371155705.53,3.2273,-0.7937,0,0
2021-12-17,sz.300185,3.74,3.84,3.73,3.74,107970400.0,407257095.94,3.5219,-0.2667,0,0
2021-12-20,sz.300185,3.73,3.73,3.6,3.6,95903495.0,349490891.59,3.1283,-3.7433,0,0
2021-12-21,sz.300185,3.62,3.81,3.6,3.74,112610822.0,416634411.42,3.6732,3.8889,0,0
2021-12-22,sz.300185,3.73,3.83,3.7,3.75,97872922.0,368280143.28,3.1925,0.2674,0,0
2021-12-23,sz.300185,3.77,3.82,3.74,3.77,105814572.0,400364269.72,3.4515,0.5333,0,0
2021-12-24,sz.300185,3.8,3.8,3.6,3.61,123746304.0,454818565.52,4.0364,-4.244,0,0
2021-12-27,sz.300185,3.6,3.64,3.51,3.53,93667900.0,333855928.0,3.0553,-2.2161,0,0
2021-12-28,sz.300185,3.53,3.57,3.47,3.55,75732870.0,265714117.31,2.4703,0.5666,0,0
2021-12-29,sz.300185,3.52,3.59,3.5,3.54,50330418.0,178375881.08,1.6417,-0.2817,0,0
2021-12-30,sz.300185,3.52,3.58,3.52,3.55,53812950.0,190807481.5,1.7553,0.2825,0,0
2021-12-31,sz.300185,3.58,3.73,3.57,3.6,119271291.0,432944702.73,3.8905,1.4085,0,0
2022-01-04,sz.300185,3.58,3.65,3.55,3.63,80164422.0,289064972.2,2.6149,0.8333,0,0
2022-01-05,sz.300185,3.62,3.62,3.51,3.54,77258036.0,275157203.14,2.5201,-2.4793,0,0
2022-01-06,sz.300185,3.52,3.57,3.51,3.55,46424133.0,164704693.5,1.5143,0.2825,0,0
2022-01-07,sz.300185,3.54,3.56,3.49,3.5,58593483.0,206707989.99,1.9112,-1.4085,0,0
2022-01-10,sz.300185,3.49,3.5,3.42,3.44,61003728.0,210188322.04,1.9899,-1.7143,0,0
2022-01-11,sz.300185,3.43,3.46,3.38,3.4,54712056.0,187396863.08,1.7846,-1.1628,0,0
2022-01-12,sz.300185,3.41,3.46,3.4,3.45,52583751.0,180405325.49,1.7152,1.4706,0,0
2022-01-13,sz.300185,3.43,3.48,3.4,3.4,46340600.0,159275877.0,1.5116,-1.4493,0,0
2022-01-14,sz.300185,3.39,3.42,3.32,3.33,50386100.0,169802346.0,1.6435,-2.0588,0,0
2022-01-17,sz.300185,3.32,3.37,3.31,3.36,37551641.0,125757459.19,1.2249,0.9009,0,0
2022-01-18,sz.300185,3.36,3.41,3.34,3.37,42723250.0,144291753.0,1.3936,0.2976,0,0
2022-01-19,sz.300185,3.36,3.38,3.33,3.34,34164300.0,114403654.0,1.1144,-0.8902,0,0
2022-01-20,sz.300185,3.33,3.36,3.28,3.29,39253300.0,130145680.0,1.2804,-1.497,0,0
2022-01-21,sz.300185,3.28,3.29,3.22,3.22,40314626.0,130787781.98,1.315,-2.1277,0,0
2022-01-24,sz.300185,3.22,3.25,3.2,3.23,22271803.0,71949897.66,0.7265,0.3106,0,0
2022-01-25,sz.300185,3.23,3.26,3.11,3.12,42136103.0,134234643.36,1.3744,-3.4056,0,0
2022-01-26,sz.300185,3.19,3.31,3.18,3.25,61945449.0,201351706.0,2.0206,4.1667,0,0
2022-01-27,sz.300185,3.22,3.24,3.15,3.15,39892496.0,127080496.82,1.3012,-3.0769,0,0
2022-01-28,sz.300185,3.17,3.32,3.13,3.24,55914803.0,180293566.98,1.8239,2.8571,0,0
2022-02-07,sz.300185,3.28,3.32,3.26,3.29,40531710.0,133189706.45,1.3221,1.5432,0,0
2022-02-08,sz.300185,3.29,3.35,3.26,3.35,60566480.0,200609072.1,1.9756,1.8237,0,0
2022-02-09,sz.300185,3.32,3.36,3.31,3.35,42814500.0,143013857.0,1.3966,0.0,0,0
2022-02-10,sz.300185,3.34,3.35,3.31,3.32,33250800.0,110563771.0,1.0846,-0.8955,0,0
2022-02-11,sz.300185,3.31,3.32,3.25,3.26,37520222.0,122953335.16,1.2239,-1.8072,0,0
2022-02-14,sz.300185,3.23,3.28,3.23,3.24,24057931.0,78240022.44,0.7847,-0.6135,0,0
2022-02-15,sz.300185,3.24,3.33,3.23,3.32,48058313.0,158078272.22,1.5676,2.4691,0,0
2022-02-16,sz.300185,3.31,3.32,3.28,3.3,31964300.0,105589232.0,1.0426,-0.6024,0,0
2022-02-17,sz.300185,3.28,3.34,3.28,3.31,37377000.0,123635864.0,1.2192,0.303,0,0
2022-02-18,sz.300185,3.3,3.31,3.27,3.3,27854689.0,91666155.92,0.9086,-0.3021,0,0
2022-02-21,sz.300185,3.29,3.32,3.28,3.32,32096865.0,105916018.85,1.047,0.6061,0,0
2022-02-22,sz.300185,3.3,3.3,3.24,3.25,40841384.0,133396540.89,1.3322,-2.1084,0,0
2022-02-23,sz.300185,3.24,3.28,3.24,3.26,39195058.0,127575753.08,1.2785,0.3077,0,0
2022-02-24,sz.300185,3.25,3.3,3.15,3.19,74266235.0,239768189.72,2.4225,-2.1472,0,0
2022-02-25,sz.300185,3.2,3.26,3.2,3.21,38689410.0,124669180.2,1.262,0.627,0,0
2022-02-28,sz.300185,3.22,3.24,3.17,3.2,32489503.0,103717636.0,1.0598,-0.3115,0,0
2022-03-01,sz.300185,3.2,3.32,3.2,3.26,63924636.0,208880621.0,2.0851,1.875,0,0
2022-03-02,sz.300185,3.25,3.27,3.23,3.25,38146352.0,124008863.0,1.2443,-0.3067,0,0
2022-03-03,sz.300185,3.27,3.29,3.23,3.25,40429292.0,131546705.0,1.3188,0.0,0,0
2022-03-04,sz.300185,3.25,3.27,3.2,3.2,39282800.0,126459237.0,1.2814,-1.5385,0,0
2022-03-07,sz.300185,3.19,3.2,3.14,3.15,40065437.0,126557276.0,1.3069,-1.5625,0,0
2022-03-08,sz.300185,3.14,3.16,3.04,3.06,43074650.0,133237376.0,1.405,-2.8571,0,0
2022-03-09,sz.300185,3.07,3.09,2.87,3.01,50686193.0,152060316.0,1.6533,-1.634,0,0
2022-03-10,sz.300185,3.05,3.12,3.04,3.08,45939790.0,141513292.0,1.4985,2.3256,0,0
2022-03-11,sz.300185,3.05,3.09,2.99,3.08,41278418.0,125272281.0,1.3464,0.0,0,0
2022-03-14,sz.300185,3.07,3.11,3.02,3.02,31835200.0,97726444.0,1.0384,-1.9481,0,0
2022-03-15,sz.300185,3.0,3.02,2.88,2.89,45247500.0,133551788.0,1.4759,-4.3046,0,0
2022-03-16,sz.300185,2.92,2.96,2.81,2.95,48569476.0,140856421.0,1.5843,2.0761,0,0
2022-03-17,sz.300185,2.98,3.02,2.96,2.99,45368704.0,135540925.0,1.4799,1.3559,0,0
2022-03-18,sz.300185,2.97,3.02,2.96,3.02,33655500.0,100998465.0,1.0978,1.0033,0,0
2022-03-21,sz.300185,3.02,3.03,2.97,3.0,31698891.0,95135896.68,1.034,-0.6623,0,0
2022-03-22,sz.300185,2.98,3.01,2.97,2.98,24018700.0,71723747.0,0.7835,-0.6667,0,0
2022-03-23,sz.300185,3.0,3.14,2.99,3.09,84076738.0,259441622.28,2.7425,3.6913,0,0
2022-03-24,sz.300185,3.06,3.06,3.01,3.01,42779900.0,129664014.0,1.3954,-2.589,0,0
2022-03-25,sz.300185,3.0,3.02,2.97,2.98,29542151.0,88461104.0,0.9636,-0.9967,0,0
2022-03-28,sz.300185,2.97,2.99,2.93,2.97,24928638.0,73843338.48,0.8131,-0.3356,0,0
2022-03-29,sz.300185,2.98,2.99,2.93,2.93,22622469.0,66858704.55,0.7379,-1.3468,0,0
2022-03-30,sz.300185,2.94,2.99,2.94,2.99,22742704.0,67611632.26,0.7418,2.0478,0,0
2022-03-31,sz.300185,2.97,2.98,2.95,2.95,24696304.0,73160815.84,0.8056,-1.3378,0,0
2022-04-01,sz.300185,2.94,2.96,2.93,2.95,19135853.0,56343771.82,0.6242,0.0,0,0
2022-04-06,sz.300185,2.94,2.99,2.94,2.99,28066063.0,83270466.22,0.9155,1.3559,0,0
2022-04-07,sz.300185,2.98,2.98,2.92,2.92,28900557.0,85197018.03,0.9427,-2.3411,0,0
2022-04-08,sz.300185,2.93,2.95,2.91,2.93,23999553.0,70344283.29,0.7828,0.3425,0,0
2022-04-11,sz.300185,2.92,2.93,2.83,2.85,33633691.0,96634349.35,1.0971,-2.7304,0,0
2022-04-12,sz.300185,2.83,2.9,2.83,2.9,22649264.0,64813942.92,0.7388,1.7544,0,0
2022-04-13,sz.300185,2.88,2.88,2.85,2.85,17665000.0,50560526.0,0.5762,-1.7241,0,0
2022-04-14,sz.300185,2.86,2.88,2.85,2.86,14989900.0,42970137.0,0.489,0.3509,0,0
2022-04-15,sz.300185,2.85,2.86,2.81,2.82,23431500.0,66292542.0,0.7643,-1.3986,0,0
2022-04-18,sz.300185,2.8,2.81,2.77,2.8,15771700.0,44103850.0,0.5145,-0.7092,0,0
2022-04-19,sz.300185,2.79,2.85,2.79,2.81,16322100.0,46043678.0,0.5324,0.3571,0,0
2022-04-20,sz.300185,2.8,2.83,2.75,2.77,20230301.0,56522900.09,0.6599,-1.4235,0,0
2022-04-21,sz.300185,2.77,2.77,2.64,2.65,39411303.0,106106678.98,1.2855,-4.3321,0,0
2022-04-22,sz.300185,2.62,2.65,2.59,2.63,25580053.0,66909806.36,0.8344,-0.7547,0,0
2022-04-25,sz.300185,2.6,2.61,2.36,2.36,49499263.0,122226778.6,1.6146,-10.2662,0,0
2022-04-26,sz.300185,2.36,2.43,2.29,2.3,44284087.0,104361425.79,1.4445,-2.5424,0,0
2022-04-27,sz.300185,2.28,2.38,2.23,2.37,56371745.0,129989558.07,1.8388,3.0435,0,0
2022-04-28,sz.300185,2.35,2.39,2.32,2.35,32926210.0,77595854.49,1.074,-0.8439,0,0
2022-04-29,sz.300185,2.37,2.47,2.36,2.45,40413657.0,98021007.92,1.3182,4.2553,0,0
2022-05-05,sz.300185,2.43,2.52,2.43,2.48,32696057.0,80913919.08,1.0665,1.2245,0,0
2022-05-06,sz.300185,2.44,2.46,2.42,2.45,21848500.0,53299710.0,0.7127,-1.2097,0,0
2022-05-09,sz.300185,2.43,2.5,2.43,2.48,18484007.0,45724189.29,0.6029,1.2245,0,0
2022-05-10,sz.300185,2.46,2.55,2.45,2.55,45108768.0,113972660.6,1.4714,2.8226,0,0
2022-05-11,sz.300185,2.55,2.6,2.53,2.53,49180603.0,126378339.73,1.6042,-0.7843,0,0
2022-05-12,sz.300185,2.52,2.57,2.51,2.55,29456200.0,75130338.0,0.9608,0.7905,0,0
2022-05-13,sz.300185,2.56,2.57,2.52,2.54,18311500.0,46497714.0,0.5973,-0.3922,0,0
2022-05-16,sz.300185,2.56,2.58,2.52,2.53,15377200.0,39008326.0,0.5016,-0.3937,0,0
2022-05-17,sz.300185,2.54,2.55,2.48,2.53,21599700.0,54293704.0,0.7046,0.0,0,0
2022-05-18,sz.300185,2.52,2.58,2.52,2.56,30262500.0,77359015.0,0.9871,1.1858,0,0
2022-05-19,sz.300185,2.54,2.72,2.53,2.65,93904324.0,248050615.16,3.063,3.5156,0,0
2022-05-20,sz.300185,2.69,2.7,2.63,2.68,55436200.0,147767781.0,1.8083,1.1321,0,0
2022-05-23,sz.300185,2.68,2.68,2.63,2.67,36441403.0,96721451.92,1.1887,-0.3731,0,0
2022-05-24,sz.300185,2.66,2.74,2.57,2.57,60086773.0,160395776.27,1.96,-3.7453,0,0
2022-05-25,sz.300185,2.56,2.66,2.56,2.65,40261955.0,105116458.55,1.3133,3.1128,0,0
2022-05-26,sz.300185,2.67,2.7,2.61,2.67,38173450.0,101783775.0,1.2452,0.7547,0,0
2022-05-27,sz.300185,2.69,2.69,2.61,2.63,29294900.0,77408846.0,0.9556,-1.4981,0,0
2022-05-30,sz.300185,2.63,2.65,2.61,2.64,21559053.0,56782871.39,0.7032,0.3802,0,0
2022-05-31,sz.300185,2.66,2.74,2.65,2.7,49581483.0,134088196.65,1.6173,2.2727,0,0
2022-06-01,sz.300185,2.69,2.73,2.68,2.71,38456122.0,104018553.18,1.2544,0.3704,0,0
2022-06-02,sz.300185,2.71,2.79,2.69,2.78,48733333.0,134170136.35,1.5896,2.583,0,0
2022-06-06,sz.300185,2.77,2.81,2.74,2.78,42303350.0,117189888.5,1.3799,0.0,0,0
2022-06-07,sz.300185,2.77,2.85,2.72,2.83,83478591.0,233108469.01,2.723,2.9091,0,0
2022-06-08,sz.300185,2.81,2.92,2.74,2.78,87736104.0,247513713.16,2.8618,-1.7668,0,0
2022-06-09,sz.300185,2.77,2.78,2.68,2.7,54112390.0,147555266.9,1.7651,-2.8777,0,0
2022-06-10,sz.300185,2.68,2.88,2.67,2.81,85178943.0,240109318.7,2.7784,4.0741,0,0
2022-06-13,sz.300185,2.78,2.81,2.75,2.78,52549496.0,145880124.06,1.7141,-1.0676,0,0
2022-06-14,sz.300185,2.75,2.79,2.67,2.78,51698787.0,140835868.39,1.6863,0.0,0,0
2022-06-15,sz.300185,2.76,2.8,2.74,2.74,47402868.0,130995900.36,1.5462,-1.4388,0,0
2022-06-16,sz.300185,2.85,2.92,2.82,2.85,122628850.0,351603503.92,4.0,4.0146,0,0
2022-06-17,sz.300185,2.84,2.95,2.83,2.91,114879404.0,333493026.09,3.7472,2.1053,0,0
2022-06-20,sz.300185,2.85,3.02,2.83,2.95,152540921.0,446352334.06,4.9757,1.3746,0,0
2022-06-21,sz.300185,2.94,2.94,2.85,2.88,84417844.0,243745692.84,2.7536,-2.3729,0,0
2022-06-22,sz.300185,2.86,2.92,2.84,2.85,58281978.0,167604650.63,1.9011,-1.0417,0,0
2022-06-23,sz.300185,2.84,2.88,2.82,2.88,46230367.0,131893733.28,1.508,1.0526,0,0
2022-06-24,sz.300185,2.86,3.02,2.86,2.96,117644461.0,349297369.3,3.8374,2.7778,0,0
2022-06-27,sz.300185,2.96,2.98,2.91,2.93,63865200.0,187498793.0,2.0832,-1.0135,0,0
2022-06-28,sz.300185,2.93,2.99,2.93,2.96,55396760.0,163784738.28,1.807,1.0239,0,0
2022-06-29,sz.300185,2.94,2.96,2.86,2.87,58604300.0,170397503.0,1.9116,-3.0405,0,0
2022-06-30,sz.300185,2.86,2.91,2.85,2.87,35161370.0,101249544.37,1.1469,0.0,0,0
2022-07-01,sz.300185,2.86,2.94,2.86,2.89,34228445.0,99074125.38,1.1165,0.6969,0,0
2022-07-04,sz.300185,2.9,2.9,2.85,2.87,28293999.0,81333740.13,0.9229,-0.692,0,0
2022-07-05,sz.300185,2.88,2.9,2.8,2.82,49018733.0,139124389.6,1.5989,-1.7422,0,0
2022-07-06,sz.300185,2.83,2.93,2.82,2.85,54167065.0,155636214.45,1.7669,1.0638,0,0
2022-07-07,sz.300185,2.82,2.92,2.82,2.89,54480174.0,156295134.56,1.7771,1.4035,0,0
2022-07-08,sz.300185,2.89,2.92,2.86,2.88,38872631.0,112514288.28,1.268,-0.346,0,0
2022-07-11,sz.300185,2.88,2.88,2.83,2.87,31342481.0,89447278.85,1.0224,-0.3472,0,0
2022-07-12,sz.300185,2.87,3.0,2.84,2.92,82989365.0,243724053.36,2.707,1.7422,0,0
2022-07-13,sz.300185,2.92,3.07,2.89,3.04,129170926.0,389648542.42,4.2134,4.1096,0,0
2022-07-14,sz.300185,3.04,3.08,3.0,3.05,96188783.0,292595410.49,3.1376,0.3289,0,0
2022-07-15,sz.300185,3.07,3.2,3.02,3.12,202632201.0,631342205.56,6.6096,2.2951,0,0
2022-07-18,sz.300185,3.14,3.16,3.08,3.14,120396180.0,376229728.72,3.9272,0.641,0,0
2022-07-19,sz.300185,3.13,3.14,3.06,3.08,89382880.0,276559174.4,2.9156,-1.9108,0,0
2022-07-20,sz.300185,3.07,3.2,3.04,3.15,128590950.0,402753207.0,4.1804,2.2727,0,0
2022-07-21,sz.300185,3.15,3.18,3.09,3.1,81141103.0,254216989.42,2.6378,-1.5873,0,0
2022-07-22,sz.300185,3.1,3.16,3.06,3.12,75385608.0,234418311.72,2.4507,0.6452,0,0
2022-07-25,sz.300185,3.12,3.13,3.01,3.02,69997850.0,213654097.63,2.2756,-3.2051,0,0
2022-07-26,sz.300185,3.01,3.04,2.99,3.02,45830350.0,138269516.0,1.4899,0.0,0,0
2022-07-27,sz.300185,3.01,3.04,2.99,3.03,36577056.0,110678207.62,1.1891,0.3311,0,0
2022-07-28,sz.300185,3.06,3.07,3.03,3.03,39302650.0,119762136.5,1.2777,0.0,0,0
2022-07-29,sz.300185,3.03,3.1,3.03,3.05,62852183.0,192822300.48,2.0433,0.6601,0,0
2022-08-01,sz.300185,3.05,3.05,3.01,3.03,39850150.0,120512559.0,1.2955,-0.6557,0,0
2022-08-02,sz.300185,3.01,3.01,2.83,2.89,95711100.0,277344338.0,3.1115,-4.6205,0,0
2022-08-03,sz.300185,2.9,3.03,2.89,2.91,84740900.0,250381310.0,2.7548,0.692,0,0
2022-08-04,sz.300185,2.95,2.96,2.84,2.89,51940503.0,150113324.67,1.6885,-0.6873,0,0
2022-08-05,sz.300185,2.89,2.9,2.83,2.88,43979015.0,125943016.85,1.4297,-0.346,0,0
2022-08-08,sz.300185,2.87,2.91,2.84,2.89,32901450.0,94925329.5,1.0696,0.3472,0,0
2022-08-09,sz.300185,2.89,2.94,2.88,2.91,35774353.0,104261476.29,1.163,0.692,0,0
2022-08-10,sz.300185,2.9,2.92,2.87,2.9,30400656.0,87990789.4,0.9883,-0.3436,0,0
2022-08-11,sz.300185,2.92,2.93,2.9,2.92,31218300.0,91010238.0,1.0149,0.6897,0,0
2022-08-12,sz.300185,2.92,2.94,2.89,2.9,37219703.0,108387333.67,1.21,-0.6849,0,0
2022-08-15,sz.300185,2.89,2.91,2.85,2.89,29000200.0,83642575.0,0.9428,-0.3448,0,0
2022-08-16,sz.300185,2.91,3.06,2.9,2.99,87682000.0,261994668.0,2.8504,3.4602,0,0
2022-08-17,sz.300185,2.99,3.1,2.97,3.03,78152300.0,237363176.0,2.5406,1.3378,0,0
2022-08-18,sz.300185,3.03,3.1,3.03,3.04,65837773.0,201315634.89,2.1403,0.33,0,0
2022-08-19,sz.300185,3.08,3.08,3.01,3.02,54113300.0,164360415.0,1.7592,-0.6579,0,0
2022-08-22,sz.300185,3.02,3.05,2.97,2.98,41167830.0,123087634.1,1.3383,-1.3245,0,0
2022-08-23,sz.300185,2.97,2.98,2.95,2.96,30747700.0,91140885.0,0.9996,-0.6711,0,0
2022-08-24,sz.300185,2.96,2.97,2.86,2.86,48287506.0,139921944.4,1.5698,-3.3784,0,0
2022-08-25,sz.300185,2.87,2.88,2.78,2.81,45970124.0,129675350.44,1.4944,-1.7483,0,0
2022-08-26,sz.300185,2.82,2.83,2.78,2.78,30052679.0,84319976.71,0.977,-1.0676,0,0
2022-08-29,sz.300185,2.73,2.81,2.7,2.81,31525902.0,87233780.69,1.0249,1.0791,0,0
2022-08-30,sz.300185,2.8,2.81,2.76,2.78,24760259.0,68913541.02,0.8049,-1.0676,0,0
2022-08-31,sz.300185,2.78,2.78,2.68,2.69,39535803.0,107694347.19,1.2853,-3.2374,0,0
2022-09-01,sz.300185,2.71,2.73,2.66,2.67,25044200.0,67517716.0,0.8142,-0.7435,0,0
2022-09-02,sz.300185,2.68,2.68,2.64,2.66,25386763.0,67573634.58,0.8253,-0.3745,0,0
2022-09-05,sz.300185,2.7,2.75,2.7,2.72,35758251.0,97354828.79,0.9651,2.2556,0,0
2022-09-06,sz.300185,2.72,2.76,2.7,2.75,27396906.0,74826560.76,0.7394,1.1029,0,0
2022-09-07,sz.300185,2.74,2.77,2.73,2.76,24689500.0,68123374.0,0.6664,0.3636,0,0
2022-09-08,sz.300185,2.76,2.79,2.76,2.76,26329900.0,73033433.0,0.7106,0.0,0,0
2022-09-09,sz.300185,2.76,2.77,2.74,2.76,21096938.0,58110360.27,0.5694,0.0,0,0
2022-09-13,sz.300185,2.76,2.79,2.74,2.74,16022291.0,44089100.25,0.4324,-0.7246,0,0
2022-09-14,sz.300185,2.72,2.73,2.68,2.7,21267500.0,57505811.0,0.574,-1.4599,0,0
2022-09-15,sz.300185,2.72,2.73,2.61,2.63,30337600.0,80714004.0,0.8188,-2.5926,0,0
2022-09-16,sz.300185,2.62,2.63,2.56,2.57,24997500.0,64901814.0,0.6747,-2.2814,0,0
2022-09-19,sz.300185,2.58,2.59,2.53,2.55,15856280.0,40508400.5,0.428,-0.7782,0,0
2022-09-20,sz.300185,2.56,2.61,2.55,2.59,15581663.0,40294868.8,0.4205,1.5686,0,0
2022-09-21,sz.300185,2.59,2.62,2.56,2.61,15863665.0,41097562.0,0.4282,0.7722,0,0
2022-09-22,sz.300185,2.59,2.64,2.59,2.6,17106700.0,44723373.0,0.4617,-0.3831,0,0
2022-09-23,sz.300185,2.6,2.62,2.55,2.57,20249500.0,52274585.0,0.5465,-1.1538,0,0
2022-09-26,sz.300185,2.57,2.57,2.47,2.48,23299104.0,58808602.97,0.6288,-3.5019,0,0
2022-09-27,sz.300185,2.49,2.58,2.49,2.56,28221301.0,71897179.24,0.7617,3.2258,0,0
2022-09-28,sz.300185,2.59,2.59,2.54,2.54,26947154.0,69199062.67,0.7273,-0.7813,0,0
2022-09-29,sz.300185,2.56,2.57,2.48,2.49,20203643.0,50938156.5,0.5453,-1.9685,0,0
2022-09-30,sz.300185,2.49,2.51,2.47,2.48,14889990.0,37014591.2,0.4019,-0.4016,0,0
2022-10-10,sz.300185,2.49,2.49,2.41,2.42,19991210.0,49002675.35,0.5396,-2.4194,0,0
2022-10-11,sz.300185,2.41,2.45,2.4,2.43,17799294.0,43203954.38,0.4804,0.4132,0,0
2022-10-12,sz.300185,2.43,2.57,2.41,2.56,40490790.0,100990938.9,1.0928,5.3498,0,0
2022-10-13,sz.300185,2.54,2.6,2.53,2.58,31347541.0,80798184.78,0.8461,0.7813,0,0
2022-10-14,sz.300185,2.58,2.61,2.58,2.61,26024200.0,67579400.0,0.7024,1.1628,0,0
2022-10-17,sz.300185,2.6,2.64,2.58,2.63,23370800.0,61144285.0,0.6308,0.7663,0,0
2022-10-18,sz.300185,2.62,2.65,2.62,2.64,22191350.0,58483938.5,0.5989,0.3802,0,0
2022-10-19,sz.300185,2.63,2.66,2.61,2.62,20605600.0,54396678.0,0.5561,-0.7576,0,0
2022-10-20,sz.300185,2.62,2.63,2.57,2.58,27437600.0,71165122.0,0.7405,-1.5267,0,0
2022-10-21,sz.300185,2.59,2.66,2.59,2.63,23621550.0,62224095.5,0.6375,1.938,0,0
2022-10-24,sz.300185,2.62,2.66,2.6,2.62,26784086.0,70512406.45,0.7229,-0.3802,0,0
2022-10-25,sz.300185,2.61,2.63,2.56,2.61,22731859.0,59074331.86,0.6135,-0.3817,0,0
2022-10-26,sz.300185,2.61,2.65,2.61,2.64,27252091.0,71783000.33,0.7355,1.1494,0,0
2022-10-27,sz.300185,2.63,2.65,2.6,2.6,25033914.0,65608515.82,0.6757,-1.5152,0,0
2022-10-28,sz.300185,2.59,2.6,2.49,2.5,31209900.0,79491751.0,0.8423,-3.8462,0,0
2022-10-31,sz.300185,2.51,2.56,2.49,2.53,25761950.0,65281847.0,0.6953,1.2,0,0
2022-11-01,sz.300185,2.54,2.61,2.53,2.6,25373312.0,65420284.08,0.6848,2.7668,0,0
2022-11-02,sz.300185,2.61,2.62,2.59,2.61,19292832.0,50197228.88,0.5207,0.3846,0,0
2022-11-03,sz.300185,2.59,2.63,2.59,2.6,19519950.0,50851124.5,0.5268,-0.3831,0,0
2022-11-04,sz.300185,2.61,2.64,2.6,2.64,26925100.0,70704289.0,0.7267,1.5385,0,0
2022-11-07,sz.300185,2.64,2.65,2.61,2.64,31635132.0,83140997.16,0.8538,0.0,0,0
2022-11-08,sz.300185,2.63,2.67,2.61,2.65,33558956.0,88608826.84,0.9057,0.3788,0,0
2022-11-09,sz.300185,2.65,2.65,2.62,2.62,18841345.0,49619162.76,0.5085,-1.1321,0,0
2022-11-10,sz.300185,2.62,2.63,2.6,2.61,21932064.0,57338607.04,0.5919,-0.3817,0,0
2022-11-11,sz.300185,2.64,2.66,2.62,2.63,31626053.0,83407989.39,0.8536,0.7663,0,0
2022-11-14,sz.300185,2.62,2.64,2.59,2.59,28423156.0,74307993.04,0.7671,-1.5209,0,0
2022-11-15,sz.300185,2.6,2.63,2.58,2.63,26177200.0,68365125.0,0.7065,1.5444,0,0
2022-11-16,sz.300185,2.63,2.65,2.61,2.62,22420773.0,58941036.26,0.6051,-0.3802,0,0
2022-11-17,sz.300185,2.62,2.63,2.59,2.62,23087829.0,60138829.69,0.6231,0.0,0,0
2022-11-18,sz.300185,2.62,2.63,2.59,2.59,24601244.0,64192716.84,0.664,-1.145,0,0
2022-11-21,sz.300185,2.59,2.6,2.57,2.59,19216065.0,49664404.7,0.5186,0.0,0,0
2022-11-22,sz.300185,2.6,2.6,2.55,2.56,24391700.0,62730291.0,0.6583,-1.1583,0,0
2022-11-23,sz.300185,2.56,2.58,2.53,2.58,25172346.0,64360373.19,0.6794,0.7813,0,0
2022-11-24,sz.300185,2.58,2.6,2.56,2.57,15565100.0,40150911.0,0.4201,-0.3876,0,0
2022-11-25,sz.300185,2.58,2.58,2.55,2.56,15212367.0,38950652.02,0.4106,-0.3891,0,0
2022-11-28,sz.300185,2.55,2.56,2.53,2.54,17268169.0,43886828.26,0.4661,-0.7813,0,0
2022-11-29,sz.300185,2.54,2.58,2.53,2.57,21243376.0,54362459.32,0.5734,1.1811,0,0
2022-11-30,sz.300185,2.56,2.59,2.56,2.59,24131653.0,62305134.74,0.6513,0.7782,0,0
2022-12-01,sz.300185,2.6,2.62,2.59,2.6,22726400.0,59171626.0,0.6134,0.3861,0,0
2022-12-02,sz.300185,2.59,2.61,2.59,2.6,16640841.0,43273623.13,0.4491,0.0,0,0
2022-12-05,sz.300185,2.61,2.64,2.6,2.63,32102394.0,84238421.84,0.8664,1.1538,0,0
2022-12-06,sz.300185,2.63,2.64,2.61,2.63,29976135.0,78794224.85,0.809,0.0,0,0
2022-12-07,sz.300185,2.62,2.63,2.6,2.61,23524503.0,61384220.8,0.6349,-0.7605,0,0
2022-12-08,sz.300185,2.61,2.62,2.59,2.6,19868100.0,51735808.0,0.5362,-0.3831,0,0
2022-12-09,sz.300185,2.6,2.61,2.55,2.57,32901941.0,84598955.56,0.888,-1.1538,0,0
2022-12-12,sz.300185,2.56,2.57,2.53,2.53,20891311.0,53101966.94,0.5639,-1.5564,0,0
2022-12-13,sz.300185,2.54,2.55,2.53,2.54,16176053.0,41063649.62,0.4366,0.3953,0,0
2022-12-14,sz.300185,2.54,2.55,2.5,2.51,17672500.0,44603102.0,0.477,-1.1811,0,0
2022-12-15,sz.300185,2.51,2.52,2.5,2.52,12623400.0,31699848.0,0.3407,0.3984,0,0
2022-12-16,sz.300185,2.51,2.52,2.49,2.5,16616292.0,41583122.08,0.4485,-0.7937,0,0
2022-12-19,sz.300185,2.5,2.51,2.43,2.44,19776800.0,48636760.0,0.5338,-2.4,0,0
2022-12-20,sz.300185,2.43,2.49,2.43,2.47,22206156.0,54853592.32,0.5993,1.2295,0,0
2022-12-21,sz.300185,2.49,2.49,2.44,2.45,15814999.0,38949718.55,0.4268,-0.8097,0,0
2022-12-22,sz.300185,2.45,2.47,2.4,2.42,16729268.0,40623338.2,0.4515,-1.2245,0,0
2022-12-23,sz.300185,2.41,2.42,2.36,2.38,21432000.0,51218449.0,0.5784,-1.6529,0,0
2022-12-26,sz.300185,2.38,2.43,2.37,2.42,22087800.0,53043000.0,0.5961,1.6807,0,0
2022-12-27,sz.300185,2.43,2.47,2.41,2.42,18984400.0,46245458.0,0.5124,0.0,0,0
2022-12-28,sz.300185,2.42,2.45,2.4,2.43,16261874.0,39429984.82,0.4389,0.4132,0,0
2022-12-29,sz.300185,2.43,2.43,2.38,2.39,16969700.0,40744559.0,0.458,-1.6461,0,0
2022-12-30,sz.300185,2.4,2.41,2.38,2.4,12045807.0,28835621.63,0.3251,0.4184,0,0
2023-01-03,sz.300185,2.4,2.45,2.39,2.44,19609611.0,47666584.12,0.5293,1.6667,0,0
2023-01-04,sz.300185,2.45,2.46,2.43,2.44,14575768.0,35602582.36,0.3934,0.0,0,0
2023-01-05,sz.300185,2.44,2.46,2.44,2.46,16176600.0,39615409.0,0.4366,0.8197,0,0
2023-01-06,sz.300185,2.45,2.48,2.44,2.44,16995200.0,41811414.0,0.4587,-0.813,0,0
2023-01-09,sz.300185,2.44,2.48,2.44,2.46,17712500.0,43676802.0,0.4781,0.8197,0,0
2023-01-10,sz.300185,2.47,2.47,2.43,2.45,11468380.0,28066160.0,0.3095,-0.4065,0,0
2023-01-11,sz.300185,2.45,2.45,2.41,2.41,14454076.0,35121214.44,0.3901,-1.6327,0,0
2023-01-12,sz.300185,2.42,2.44,2.41,2.43,16047863.0,38960908.33,0.4331,0.8299,0,0
2023-01-13,sz.300185,2.44,2.44,2.41,2.43,12322397.0,29903097.71,0.3326,0.0,0,0
2023-01-16,sz.300185,2.43,2.46,2.42,2.45,17596647.0,43093708.68,0.4749,0.823,0,0
2023-01-17,sz.300185,2.45,2.46,2.44,2.45,12943216.0,31736140.2,0.3493,0.0,0,0
2023-01-18,sz.300185,2.46,2.48,2.45,2.48,18338216.0,45262380.52,0.4949,1.2245,0,0
2023-01-19,sz.300185,2.47,2.49,2.46,2.49,14628428.0,36235183.44,0.3948,0.4032,0,0
2023-01-20,sz.300185,2.49,2.52,2.48,2.51,18570357.0,46568574.55,0.5012,0.8032,0,0
2023-01-30,sz.300185,2.53,2.57,2.53,2.56,33419161.0,85351441.94,0.902,1.992,0,0
2023-01-31,sz.300185,2.55,2.59,2.54,2.57,30581861.0,78660175.16,0.8254,0.3906,0,0
2023-02-01,sz.300185,2.59,2.59,2.56,2.59,29781712.0,76797127.84,0.8038,0.7782,0,0
2023-02-02,sz.300185,2.59,2.6,2.56,2.57,26672296.0,68824822.46,0.7199,-0.7722,0,0
2023-02-03,sz.300185,2.57,2.57,2.53,2.56,26873716.0,68492894.77,0.7253,-0.3891,0,0
2023-02-06,sz.300185,2.56,2.57,2.54,2.55,19947299.0,50956021.31,0.5384,-0.3906,0,0
2023-02-07,sz.300185,2.56,2.59,2.54,2.58,30913071.0,79373094.21,0.8343,1.1765,0,0
2023-02-08,sz.300185,2.58,2.59,2.56,2.57,21264300.0,54684583.23,0.5739,-0.3876,0,0
2023-02-09,sz.300185,2.56,2.64,2.56,2.62,47552858.0,123884099.26,1.2834,1.9455,0,0
2023-02-10,sz.300185,2.62,2.62,2.59,2.6,24288773.0,63259434.53,0.6555,-0.7634,0,0
2023-02-13,sz.300185,2.61,2.71,2.6,2.68,76171270.0,203209803.57,2.0558,3.0769,0,0
2023-02-14,sz.300185,2.67,2.68,2.64,2.66,41877450.0,111250285.5,1.1303,-0.7463,0,0
2023-02-15,sz.300185,2.66,2.67,2.64,2.64,25989620.0,68779853.8,0.7014,-0.7519,0,0
2023-02-16,sz.300185,2.65,2.66,2.57,2.58,44900900.0,117663461.0,1.2119,-2.2727,0,0
2023-02-17,sz.300185,2.59,2.63,2.58,2.61,35434761.0,92265237.8,0.9564,1.1628,0,0
2023-02-20,sz.300185,2.6,2.65,2.6,2.64,31795071.0,83781389.54,0.8581,1.1494,0,0
2023-02-21,sz.300185,2.65,2.66,2.62,2.64,29898588.0,78893486.6,0.8069,0.0,0,0
2023-02-22,sz.300185,2.63,2.65,2.62,2.64,20167028.0,53125887.63,0.5443,0.0,0,0
2023-02-23,sz.300185,2.63,2.64,2.6,2.61,23353931.0,61159845.22,0.6303,-1.1364,0,0
2023-02-24,sz.300185,2.61,2.63,2.6,2.61,15626980.0,40781812.0,0.4218,0.0,0,0
2023-02-27,sz.300185,2.6,2.61,2.58,2.58,18948300.0,49160892.54,0.5114,-1.1494,0,0
2023-02-28,sz.300185,2.6,2.61,2.57,2.6,15625546.0,40487266.6,0.4217,0.7752,0,0
2023-03-01,sz.300185,2.61,2.61,2.59,2.6,14680780.0,38188979.7,0.3962,0.0,0,0
2023-03-02,sz.300185,2.61,2.62,2.59,2.59,19223024.0,50055045.4,0.5188,-0.3846,0,0
2023-03-03,sz.300185,2.59,2.62,2.59,2.61,22912000.0,59670370.0,0.6184,0.7722,0,0
2023-03-06,sz.300185,2.61,2.62,2.6,2.61,22501300.0,58794502.0,0.6073,0.0,0,0
2023-03-07,sz.300185,2.61,2.62,2.57,2.57,25365896.0,65867547.94,0.6846,-1.5326,0,0
2023-03-08,sz.300185,2.57,2.59,2.57,2.58,15126900.0,38988578.0,0.4083,0.3891,0,0
2023-03-09,sz.300185,2.58,2.59,2.55,2.57,22210129.0,56915284.24,0.5994,-0.3876,0,0
2023-03-10,sz.300185,2.56,2.56,2.53,2.54,19008250.0,48346506.5,0.513,-1.1673,0,0
2023-03-13,sz.300185,2.53,2.56,2.5,2.51,24193079.0,61016365.29,0.653,-1.1811,0,0
2023-03-14,sz.300185,2.51,2.52,2.46,2.47,23991734.0,59525607.34,0.6475,-1.5936,0,0
2023-03-15,sz.300185,2.48,2.54,2.47,2.52,25645701.0,64644368.53,0.6922,2.0243,0,0
2023-03-16,sz.300185,2.52,2.53,2.45,2.47,28541100.0,70977435.0,0.7703,-1.9841,0,0
2023-03-17,sz.300185,2.48,2.5,2.47,2.48,22872645.0,56904675.6,0.6173,0.4049,0,0
2023-03-20,sz.300185,2.49,2.51,2.48,2.5,20394674.0,50919734.71,0.5504,0.8065,0,0
2023-03-21,sz.300185,2.5,2.52,2.49,2.52,19329084.0,48543220.34,0.5217,0.8,0,0
2023-03-22,sz.300185,2.53,2.54,2.5,2.52,17475686.0,43944899.86,0.4717,0.0,0,0
2023-03-23,sz.300185,2.51,2.52,2.5,2.51,17818673.0,44675840.73,0.4809,-0.3968,0,0
2023-03-24,sz.300185,2.51,2.52,2.5,2.5,17180345.0,43051311.5,0.4637,-0.3984,0,0
2023-03-27,sz.300185,2.5,2.54,2.49,2.53,31999374.0,80497794.26,0.8636,1.2,0,0
2023-03-28,sz.300185,2.53,2.61,2.52,2.57,66455723.0,171151600.4,1.7936,1.581,0,0
2023-03-29,sz.300185,2.56,2.57,2.51,2.52,31826524.0,80631698.76,0.859,-1.9455,0,0
2023-03-30,sz.300185,2.52,2.53,2.49,2.51,18635430.0,46675022.08,0.503,-0.3968,0,0
2023-03-31,sz.300185,2.5,2.52,2.49,2.5,16857927.0,42217740.77,0.455,-0.3984,0,0
2023-04-03,sz.300185,2.5,2.52,2.5,2.51,20415633.0,51239813.83,0.551,0.4,0,0
2023-04-04,sz.300185,2.51,2.52,2.47,2.48,27571960.0,68677101.8,0.7442,-1.1952,0,0
2023-04-06,sz.300185,2.49,2.49,2.46,2.47,20231986.0,50024140.56,0.546,-0.4032,0,0
2023-04-07,sz.300185,2.47,2.49,2.46,2.48,16997200.0,42077929.0,0.4587,0.4049,0,0
2023-04-10,sz.300185,2.48,2.48,2.45,2.46,18117771.0,44646714.37,0.489,-0.8065,0,0
2023-04-11,sz.300185,2.46,2.47,2.43,2.44,22080474.0,53980478.56,0.5959,-0.813,0,0
2023-04-12,sz.300185,2.44,2.46,2.44,2.45,16873753.0,41320768.32,0.4554,0.4098,0,0
2023-04-13,sz.300185,2.46,2.49,2.45,2.47,26915174.0,66570055.78,0.7264,0.8163,0,0
2023-04-14,sz.300185,2.47,2.48,2.45,2.47,18639100.0,45967627.0,0.5031,0.0,0,0
2023-04-17,sz.300185,2.47,2.5,2.46,2.49,23304893.0,57757719.63,0.629,0.8097,0,0
2023-04-18,sz.300185,2.49,2.5,2.47,2.47,13784412.0,34157058.32,0.372,-0.8032,0,0
2023-04-19,sz.300185,2.48,2.48,2.44,2.45,16465700.0,40384033.0,0.4444,-0.8097,0,0
2023-04-20,sz.300185,2.44,2.45,2.41,2.42,18591200.0,45109887.0,0.5018,-1.2245,0,0
2023-04-21,sz.300185,2.42,2.43,2.38,2.38,22294439.0,53605771.38,0.6017,-1.6529,0,0
2023-04-24,sz.300185,2.38,2.42,2.37,2.39,17910686.0,42827751.54,0.4834,0.4202,0,0
2023-04-25,sz.300185,2.42,2.53,2.42,2.47,61700645.0,153111834.7,1.6653,3.3473,0,0
2023-04-26,sz.300185,2.46,2.52,2.44,2.5,44942575.0,112025563.67,1.213,1.2146,0,0
2023-04-27,sz.300185,2.5,2.51,2.48,2.5,31068242.0,77537639.25,0.8385,0.0,0,0
2023-04-28,sz.300185,2.5,2.53,2.49,2.52,37599341.0,94492800.88,1.0148,0.8,0,0
2023-05-04,sz.300185,2.51,2.57,2.51,2.56,41782956.0,106653109.24,1.1277,1.5873,0,0
2023-05-05,sz.300185,2.55,2.56,2.51,2.54,29906966.0,75653561.98,0.8072,-0.7813,0,0
2023-05-08,sz.300185,2.54,2.58,2.53,2.56,36608805.0,93673625.92,0.988,0.7874,0,0
2023-05-09,sz.300185,2.56,2.58,2.54,2.55,37018800.0,94673287.0,0.9991,-0.3906,0,0
2023-05-10,sz.300185,2.55,2.59,2.53,2.58,41949350.0,107754987.0,1.1322,1.1765,0,0
2023-05-11,sz.300185,2.59,2.59,2.56,2.57,23749800.0,61045069.0,0.641,-0.3876,0,0
2023-05-12,sz.300185,2.57,2.58,2.53,2.54,28008853.0,71240619.48,0.7559,-1.1673,0,0
2023-05-15,sz.300185,2.56,2.62,2.55,2.6,50050002.0,129572395.32,1.3508,2.3622,0,0
2023-05-16,sz.300185,2.6,2.64,2.59,2.6,47971745.0,125370020.74,1.2947,0.0,0,0
2023-05-17,sz.300185,2.6,2.65,2.59,2.65,52038059.0,136783440.2,1.4045,1.9231,0,0
2023-05-18,sz.300185,2.65,2.66,2.63,2.66,49968509.0,132439161.85,1.3486,0.3774,0,0
2023-05-19,sz.300185,2.66,2.66,2.62,2.64,35339398.0,93341676.72,0.9538,-0.7519,0,0
2023-05-22,sz.300185,2.64,2.69,2.63,2.67,43720173.0,116778169.52,1.18,1.1364,0,0
2023-05-23,sz.300185,2.68,2.69,2.63,2.64,34015365.0,90388172.9,0.9181,-1.1236,0,0
2023-05-24,sz.300185,2.62,2.66,2.61,2.63,33242650.0,87852904.5,0.8972,-0.3788,0,0
2023-05-25,sz.300185,2.63,2.66,2.6,2.65,40656610.0,107017790.1,1.0973,0.7605,0,0
2023-05-26,sz.300185,2.63,2.65,2.6,2.63,27267412.0,71537386.2,0.7359,-0.7547,0,0
2023-05-29,sz.300185,2.62,2.64,2.57,2.58,43389600.0,112795114.0,1.1711,-1.9011,0,0
2023-05-30,sz.300185,2.59,2.62,2.56,2.61,33180192.0,85946525.2,0.8955,1.1628,0,0
2023-05-31,sz.300185,2.61,2.62,2.59,2.59,22241207.0,57857930.2,0.6003,-0.7663,0,0
2023-06-01,sz.300185,2.59,2.65,2.58,2.63,41945008.0,110334129.3,1.1321,1.5444,0,0
2023-06-02,sz.300185,2.63,2.68,2.63,2.65,40585806.0,107838560.84,1.0954,0.7605,0,0
2023-06-05,sz.300185,2.64,2.65,2.61,2.62,28941607.0,75948849.34,0.7811,-1.1321,0,0
2023-06-06,sz.300185,2.61,2.63,2.55,2.55,33180800.0,85615190.0,0.8955,-2.6718,0,0
2023-06-07,sz.300185,2.55,2.57,2.54,2.55,19142938.0,48848922.31,0.5167,0.0,0,0
2023-06-08,sz.300185,2.54,2.55,2.51,2.53,27430418.0,69375202.36,0.7403,-0.7843,0,0
2023-06-09,sz.300185,2.52,2.57,2.51,2.55,27933800.0,70951103.0,0.7539,0.7905,0,0
2023-06-12,sz.300185,2.55,2.58,2.54,2.57,22054150.0,56509006.5,0.5952,0.7843,0,0
2023-06-13,sz.300185,2.55,2.57,2.52,2.53,19132000.0,48607069.0,0.5164,-0.3937,0,0
2023-06-14,sz.300185,2.54,2.55,2.52,2.53,19729355.0,50017855.65,0.5325,0.0,0,0
2023-06-15,sz.300185,2.54,2.56,2.52,2.56,25956755.0,66051016.2,0.7006,1.1858,0,0
2023-06-16,sz.300185,2.56,2.6,2.56,2.58,33249984.0,85765272.88,0.8974,0.7813,0,0
2023-06-19,sz.300185,2.6,2.73,2.57,2.7,104149699.0,276862240.77,2.8109,4.6512,0,0
2023-06-20,sz.300185,2.71,2.73,2.67,2.71,74737184.0,201975412.46,2.0171,0.3704,0,0
2023-06-21,sz.300185,2.72,2.83,2.71,2.78,117552358.0,327499922.06,3.1727,2.583,0,0
2023-06-26,sz.300185,2.77,2.8,2.7,2.71,70944323.0,193964734.15,1.9147,-2.518,0,0
2023-06-27,sz.300185,2.72,2.8,2.71,2.79,71979100.0,199717364.25,1.9427,2.952,0,0
2023-06-28,sz.300185,2.77,2.79,2.73,2.78,51717650.0,142686324.36,1.3958,-0.3584,0,0
2023-06-29,sz.300185,2.76,2.8,2.75,2.76,44659116.0,123736375.16,1.2053,-0.7194,0,0
2023-06-30,sz.300185,2.76,2.8,2.76,2.79,44385078.0,123527592.84,1.1979,1.087,0,0
2023-07-03,sz.300185,2.78,2.82,2.75,2.76,40688308.0,112783471.0,1.0982,-1.0753,0,0
2023-07-04,sz.300185,2.76,2.78,2.72,2.74,46126800.0,126739973.0,1.2449,-0.7246,0,0
2023-07-05,sz.300185,2.74,2.76,2.7,2.71,29489649.0,80277198.07,0.7959,-1.0949,0,0
2023-07-06,sz.300185,2.7,2.71,2.68,2.69,39370137.0,106080012.36,1.0626,-0.738,0,0
2023-07-07,sz.300185,2.68,2.69,2.65,2.66,37114006.0,98805623.66,1.0017,-1.1152,0,0
2023-07-10,sz.300185,2.66,2.69,2.65,2.68,36257518.0,96929557.32,0.9786,0.7519,0,0
2023-07-11,sz.300185,2.68,2.71,2.66,2.7,39963300.0,107413111.0,1.0786,0.7463,0,0
2023-07-12,sz.300185,2.7,2.71,2.66,2.67,28093000.0,75450441.0,0.7582,-1.1111,0,0
2023-07-13,sz.300185,2.68,2.71,2.67,2.71,35014314.0,94413184.56,0.945,1.4981,0,0
2023-07-14,sz.300185,2.71,2.71,2.66,2.67,30092125.0,80568918.72,0.8122,-1.476,0,0
2023-07-17,sz.300185,2.67,2.67,2.63,2.66,24332858.0,64441852.12,0.6567,-0.3745,0,0
2023-07-18,sz.300185,2.66,2.68,2.64,2.67,22077952.0,58804228.84,0.5959,0.3759,0,0
2023-07-19,sz.300185,2.68,2.68,2.63,2.66,25867112.0,68584725.68,0.6981,-0.3745,0,0
2023-07-20,sz.300185,2.67,2.67,2.63,2.63,29197000.0,77422825.0,0.788,-1.1278,0,0
2023-07-21,sz.300185,2.63,2.64,2.61,2.63,27501000.0,72310122.0,0.7422,0.0,0,0
2023-07-24,sz.300185,2.62,2.65,2.61,2.64,24866366.0,65625065.24,0.6711,0.3802,0,0
2023-07-25,sz.300185,2.65,2.67,2.64,2.66,26420000.0,70290632.0,0.7131,0.7576,0,0
2023-07-26,sz.300185,2.67,2.7,2.65,2.69,51705664.0,138310993.16,1.3955,1.1278,0,0
2023-07-27,sz.300185,2.69,2.77,2.68,2.7,51662503.0,140462733.1,1.3943,0.3717,0,0
2023-07-28,sz.300185,2.68,2.73,2.66,2.72,44564920.0,120203197.19,1.2028,0.7407,0,0
2023-07-31,sz.300185,2.73,2.82,2.72,2.79,88392837.0,244881557.13,2.3857,2.5735,0,0
2023-08-01,sz.300185,2.78,2.81,2.77,2.8,63955113.0,178590376.4,1.7261,0.3584,0,0
2023-08-02,sz.300185,2.78,2.82,2.77,2.79,49791400.0,139072830.0,1.3438,-0.3571,0,0
2023-08-03,sz.300185,2.77,2.78,2.74,2.75,43959064.0,121042314.36,1.1864,-1.4337,0,0
2023-08-04,sz.300185,2.76,2.78,2.74,2.75,34707478.0,95697656.5,0.9367,0.0,0,0
2023-08-07,sz.300185,2.75,2.75,2.69,2.71,38415200.0,104343505.0,1.0368,-1.4545,0,0
2023-08-08,sz.300185,2.71,2.72,2.67,2.69,28532400.0,76762860.0,0.7701,-0.738,0,0
2023-08-09,sz.300185,2.68,2.69,2.63,2.64,34664600.0,92013361.0,0.9356,-1.8587,0,0
2023-08-10,sz.300185,2.65,2.67,2.64,2.65,21738364.0,57709710.6,0.5867,0.3788,0,0
2023-08-11,sz.300185,2.66,2.66,2.58,2.58,36580200.0,95758332.94,0.9873,-2.6415,0,0
2023-08-14,sz.300185,2.58,2.6,2.56,2.59,32286500.0,83383714.0,0.8714,0.3876,0,0
2023-08-15,sz.300185,2.6,2.61,2.56,2.58,29599400.0,76495129.0,0.7989,-0.3861,0,0
2023-08-16,sz.300185,2.57,2.58,2.54,2.55,28746384.0,73614980.36,0.7758,-1.1628,0,0
2023-08-17,sz.300185,2.54,2.58,2.52,2.57,33025709.0,84467816.13,0.8913,0.7843,0,0
2023-08-18,sz.300185,2.57,2.59,2.54,2.54,29058989.0,74606961.73,0.7843,-1.1673,0,0
2023-08-21,sz.300185,2.55,2.58,2.52,2.53,30070036.0,76728900.08,0.8116,-0.3937,0,0
2023-08-22,sz.300185,2.53,2.55,2.48,2.51,36555303.0,91664882.5,0.9866,-0.7905,0,0
2023-08-23,sz.300185,2.52,2.52,2.47,2.48,29448400.0,73366948.0,0.7948,-1.1952,0,0
2023-08-24,sz.300185,2.48,2.5,2.45,2.46,28907050.0,71471001.0,0.7802,-0.8065,0,0
2023-08-25,sz.300185,2.48,2.65,2.47,2.57,104030556.0,268097201.92,2.8077,4.4715,0,0
2023-08-28,sz.300185,2.71,2.83,2.65,2.77,209476996.0,574527195.65,5.6537,7.7821,0,0
2023-08-29,sz.300185,2.74,2.76,2.68,2.72,128795387.0,349599052.56,3.4761,-1.8051,0,0
2023-08-30,sz.300185,2.7,2.72,2.64,2.65,80653856.0,215433941.14,2.1768,-2.5735,0,0
2023-08-31,sz.300185,2.63,2.64,2.59,2.6,53583624.0,139655247.16,1.4462,-1.8868,0,0
2023-09-01,sz.300185,2.61,2.61,2.56,2.56,44270703.0,114054710.71,1.1948,-1.5385,0,0
2023-09-04,sz.300185,2.57,2.61,2.56,2.61,48374095.0,125504896.0,1.3056,1.9531,0,0
2023-09-05,sz.300185,2.61,2.61,2.56,2.58,43538981.0,112313004.17,1.1751,-1.1494,0,0
2023-09-06,sz.300185,2.57,2.59,2.55,2.57,30085500.0,77366685.0,0.812,-0.3876,0,0
2023-09-07,sz.300185,2.57,2.57,2.51,2.52,39453000.0,100240574.0,1.0648,-1.9455,0,0
2023-09-08,sz.300185,2.51,2.53,2.5,2.51,31517900.0,79255181.0,0.8506,-0.3968,0,0
2023-09-11,sz.300185,2.51,2.55,2.5,2.54,34500031.0,87184175.81,0.9311,1.1952,0,0
2023-09-12,sz.300185,2.53,2.55,2.52,2.54,23247219.0,58939835.07,0.6274,0.0,0,0
2023-09-13,sz.300185,2.53,2.54,2.5,2.52,27551100.0,69435097.0,0.7436,-0.7874,0,0
2023-09-14,sz.300185,2.53,2.53,2.49,2.51,28657500.0,71811479.0,0.7734,-0.3968,0,0
2023-09-15,sz.300185,2.51,2.54,2.5,2.52,30575482.0,77067837.84,0.8252,0.3984,0,0
2023-09-18,sz.300185,2.52,2.55,2.5,2.55,29428408.0,74620846.58,0.7943,1.1905,0,0
2023-09-19,sz.300185,2.55,2.55,2.53,2.54,21315100.0,54116240.0,0.5753,-0.3922,0,0
2023-09-20,sz.300185,2.54,2.54,2.51,2.52,20362300.0,51437498.0,0.5496,-0.7874,0,0
2023-09-21,sz.300185,2.52,2.52,2.49,2.5,20507430.0,51321366.0,0.5535,-0.7937,0,0
2023-09-22,sz.300185,2.49,2.54,2.49,2.53,25315100.0,63710153.0,0.6832,1.2,0,0
2023-09-25,sz.300185,2.53,2.55,2.51,2.52,20398100.0,51554565.0,0.5505,-0.3953,0,0
2023-09-26,sz.300185,2.52,2.53,2.51,2.52,11008700.0,27785120.0,0.2971,0.0,0,0
2023-09-27,sz.300185,2.51,2.57,2.51,2.56,43150926.0,110244572.04,1.1646,1.5873,0,0
2023-09-28,sz.300185,2.55,2.57,2.54,2.55,29005000.0,74088751.0,0.7828,-0.3906,0,0
2023-10-09,sz.300185,2.55,2.58,2.54,2.57,36003350.0,92366873.5,0.9717,0.7843,0,0
2023-10-10,sz.300185,2.57,2.59,2.55,2.56,26243700.0,67392041.0,0.7083,-0.3891,0,0
2023-10-11,sz.300185,2.56,2.57,2.52,2.54,27942100.0,71104883.0,0.7541,-0.7813,0,0
2023-10-12,sz.300185,2.54,2.57,2.52,2.56,31997500.0,81494001.0,0.8636,0.7874,0,0
2023-10-13,sz.300185,2.55,2.56,2.52,2.53,25298229.0,64169892.66,0.6828,-1.1719,0,0
2023-10-16,sz.300185,2.54,2.54,2.49,2.5,28100100.0,70499456.0,0.7584,-1.1858,0,0
2023-10-17,sz.300185,2.5,2.53,2.5,2.51,24894800.0,62619447.0,0.6719,0.4,0,0
2023-10-18,sz.300185,2.51,2.51,2.47,2.47,32525400.0,80740766.0,0.8778,-1.5936,0,0
2023-10-19,sz.300185,2.46,2.48,2.45,2.45,24416711.0,60042854.06,0.659,-0.8097,0,0
2023-10-20,sz.300185,2.45,2.49,2.42,2.47,32759000.0,80846792.0,0.8841,0.8163,0,0
2023-10-23,sz.300185,2.45,2.46,2.38,2.39,32719500.0,78921878.0,0.8831,-3.2389,0,0
2023-10-24,sz.300185,2.39,2.45,2.39,2.44,26077503.0,63218215.32,0.7038,2.0921,0,0
2023-10-25,sz.300185,2.46,2.5,2.45,2.5,31372400.0,78016337.0,0.8467,2.459,0,0
2023-10-26,sz.300185,2.48,2.49,2.43,2.48,35773300.0,87930387.0,0.9655,-0.8,0,0
2023-10-27,sz.300185,2.47,2.51,2.45,2.5,34567900.0,85867736.0,0.9329,0.8065,0,0
2023-10-30,sz.300185,2.5,2.52,2.49,2.5,28785000.0,72107653.0,0.7769,0.0,0,0
2023-10-31,sz.300185,2.5,2.51,2.47,2.48,22854900.0,56822905.0,0.6168,-0.8,0,0
2023-11-01,sz.300185,2.49,2.51,2.47,2.49,19426100.0,48391987.0,0.5243,0.4032,0,0
2023-11-02,sz.300185,2.49,2.51,2.46,2.46,21275521.0,52727410.66,0.5742,-1.2048,0,0
2023-11-03,sz.300185,2.47,2.51,2.46,2.5,29896771.0,74651451.0,0.8069,1.626,0,0
2023-11-06,sz.300185,2.51,2.53,2.5,2.52,33070613.0,83268648.63,0.8925,0.8,0,0
2023-11-07,sz.300185,2.52,2.54,2.51,2.52,31317613.0,79025078.89,0.8452,0.0,0,0
2023-11-08,sz.300185,2.53,2.53,2.49,2.5,27294121.0,68444637.29,0.7366,-0.7937,0,0
2023-11-09,sz.300185,2.49,2.51,2.48,2.48,20644000.0,51407470.0,0.5572,-0.8,0,0
2023-11-10,sz.300185,2.48,2.48,2.45,2.47,18791024.0,46324999.04,0.5071,-0.4032,0,0
2023-11-13,sz.300185,2.47,2.5,2.47,2.5,18175320.0,45099406.89,0.4905,1.2146,0,0
2023-11-14,sz.300185,2.5,2.51,2.48,2.5,23093700.0,57755991.0,0.6233,0.0,0,0
2023-11-15,sz.300185,2.51,2.52,2.5,2.51,20259900.0,50937251.0,0.5468,0.4,0,0
2023-11-16,sz.300185,2.51,2.52,2.48,2.48,20889200.0,52139816.0,0.5638,-1.1952,0,0
2023-11-17,sz.300185,2.48,2.51,2.47,2.5,23073879.0,57589722.5,0.6227,0.8065,0,0
2023-11-20,sz.300185,2.51,2.52,2.49,2.52,20299329.0,50919281.79,0.5479,0.8,0,0
2023-11-21,sz.300185,2.52,2.54,2.5,2.51,34724755.0,87566989.03,0.9372,-0.3968,0,0
2023-11-22,sz.300185,2.51,2.51,2.47,2.47,30906000.0,76824040.0,0.8341,-1.5936,0,0
2023-11-23,sz.300185,2.47,2.49,2.45,2.48,27669261.0,68422307.28,0.7468,0.4049,0,0
2023-11-24,sz.300185,2.48,2.49,2.46,2.46,23345300.0,57682952.0,0.6301,-0.8065,0,0
2023-11-27,sz.300185,2.46,2.47,2.45,2.46,18725216.0,45982703.2,0.5054,0.0,0,0
2023-11-28,sz.300185,2.45,2.48,2.45,2.48,18846322.0,46525737.34,0.5086,0.813,0,0
2023-11-29,sz.300185,2.47,2.48,2.43,2.44,27166149.0,66656824.03,0.7332,-1.6129,0,0
2023-11-30,sz.300185,2.43,2.45,2.41,2.42,25906317.0,62958924.14,0.6992,-0.8197,0,0
2023-12-01,sz.300185,2.42,2.45,2.41,2.43,21833850.0,53052513.0,0.5893,0.4132,0,0
2023-12-04,sz.300185,2.44,2.45,2.43,2.44,18013303.0,43953476.29,0.4862,0.4115,0,0
2023-12-05,sz.300185,2.44,2.44,2.4,2.41,21933900.0,53078422.0,0.592,-1.2295,0,0
2023-12-06,sz.300185,2.41,2.45,2.4,2.44,28920043.0,70193676.92,0.7805,1.2448,0,0
2023-12-07,sz.300185,2.43,2.44,2.41,2.42,18967103.0,45859377.23,0.5119,-0.8197,0,0
2023-12-08,sz.300185,2.42,2.43,2.38,2.39,24552751.0,59060229.71,0.6626,-1.2397,0,0
2023-12-11,sz.300185,2.38,2.42,2.37,2.41,22112806.0,52849308.22,0.5968,0.8368,0,0
2023-12-12,sz.300185,2.4,2.41,2.39,2.41,14297100.0,34345062.0,0.3859,0.0,0,0
2023-12-13,sz.300185,2.4,2.42,2.39,2.4,15876300.0,38242236.0,0.4285,-0.4149,0,0
2023-12-14,sz.300185,2.4,2.42,2.39,2.4,14984778.0,36075213.98,0.4044,0.0,0,0
2023-12-15,sz.300185,2.41,2.41,2.38,2.39,15243156.0,36538114.78,0.4114,-0.4167,0,0
2023-12-18,sz.300185,2.39,2.39,2.35,2.36,20848400.0,49389498.0,0.5627,-1.2552,0,0
2023-12-19,sz.300185,2.36,2.37,2.34,2.36,14994000.0,35329263.0,0.4047,0.0,0,0
2023-12-20,sz.300185,2.36,2.37,2.34,2.34,12602200.0,29669945.0,0.3401,-0.8475,0,0
2023-12-21,sz.300185,2.35,2.37,2.32,2.36,20052095.0,47045380.34,0.5412,0.8547,0,0
2023-12-22,sz.300185,2.37,2.37,2.34,2.35,17977495.0,42375734.18,0.4852,-0.4237,0,0
2023-12-25,sz.300185,2.35,2.36,2.34,2.35,11776444.0,27679327.9,0.3178,0.0,0,0
2023-12-26,sz.300185,2.35,2.35,2.33,2.33,11422700.0,26723051.0,0.3083,-0.8511,0,0
2023-12-27,sz.300185,2.34,2.35,2.31,2.34,13815400.0,32196981.0,0.3729,0.4292,0,0
2023-12-28,sz.300185,2.34,2.41,2.33,2.39,29897249.0,71265998.16,0.8069,2.1368,0,0
2023-12-29,sz.300185,2.4,2.42,2.39,2.4,18422700.0,44293094.0,0.4972,0.4184,0,0
2024-01-02,sz.300185,2.41,2.44,2.4,2.43,24439600.0,59298847.0,0.6596,1.25,0,0
2024-01-03,sz.300185,2.42,2.44,2.41,2.43,22364300.0,54263392.0,0.6037,0.0,0,0
2024-01-04,sz.300185,2.43,2.44,2.41,2.42,16202400.0,39228604.0,0.4374,-0.4115,0,0
2024-01-05,sz.300185,2.43,2.44,2.38,2.39,21964100.0,52927747.0,0.5929,-1.2397,0,0
2024-01-08,sz.300185,2.39,2.4,2.35,2.36,23022395.0,54706291.1,0.6215,-1.2552,0,0
2024-01-09,sz.300185,2.35,2.38,2.34,2.35,19342674.0,45636379.9,0.5221,-0.4237,0,0
2024-01-10,sz.300185,2.35,2.39,2.32,2.37,31849948.0,75123162.21,0.8597,0.8511,0,0
2024-01-11,sz.300185,2.36,2.4,2.34,2.39,32375203.0,76765450.14,0.8739,0.8439,0,0
2024-01-12,sz.300185,2.38,2.43,2.38,2.4,31237054.0,75224139.11,0.8432,0.4184,0,0
2024-01-15,sz.300185,2.4,2.4,2.36,2.37,23378295.0,55530402.2,0.6311,-1.25,0,0
2024-01-16,sz.300185,2.37,2.39,2.33,2.36,23880300.0,56328741.0,0.6446,-0.4219,0,0
2024-01-17,sz.300185,2.36,2.36,2.31,2.31,22304848.0,52081114.27,0.6021,-2.1186,0,0
2024-01-18,sz.300185,2.3,2.32,2.22,2.28,37107116.0,83913831.48,1.0016,-1.2987,0,0
2024-01-19,sz.300185,2.27,2.29,2.24,2.25,18509387.0,41896887.07,0.4996,-1.3158,0,0
2024-01-22,sz.300185,2.24,2.25,2.12,2.14,31761900.0,69518516.5,0.8574,-4.8889,0,0
2024-01-23,sz.300185,2.13,2.17,2.09,2.16,20821050.0,44586387.5,0.562,0.9346,0,0
2024-01-24,sz.300185,2.16,2.2,2.13,2.19,26721900.0,58065180.0,0.7213,1.3889,0,0
2024-01-25,sz.300185,2.19,2.26,2.18,2.26,30321600.0,67639689.0,0.8185,3.1963,0,0
2024-01-26,sz.300185,2.26,2.3,2.25,2.27,25223100.0,57407120.0,0.6809,0.4425,0,0
2024-01-29,sz.300185,2.27,2.29,2.23,2.24,22002200.0,49596763.5,0.5939,-1.3216,0,0
2024-01-30,sz.300185,2.3,2.34,2.23,2.23,34084301.0,77598739.31,0.9201,-0.4464,0,0
2024-01-31,sz.300185,2.22,2.23,2.15,2.17,28611996.0,62625599.32,0.7723,-2.6906,0,0
2024-02-01,sz.300185,2.16,2.2,2.14,2.16,20536655.0,44495793.25,0.5544,-0.4608,0,0
2024-02-02,sz.300185,2.16,2.19,2.05,2.1,28473100.0,60445687.0,0.7686,-2.7778,0,0
2024-02-05,sz.300185,2.08,2.08,1.93,2.0,44606888.0,89477305.53,1.2041,-4.7619,0,0
2024-02-06,sz.300185,1.98,2.2,1.96,2.18,53506086.0,112643913.17,1.4443,9.0,0,0
2024-02-07,sz.300185,2.17,2.28,2.16,2.28,52696914.0,118701868.89,1.4225,4.5872,0,0
2024-02-08,sz.300185,2.27,2.37,2.27,2.33,54955976.0,128754124.0,1.4834,2.193,0,0
2024-02-19,sz.300185,2.34,2.37,2.28,2.3,43767373.0,101501611.6,1.1814,-1.2876,0,0
2024-02-20,sz.300185,2.3,2.3,2.26,2.28,25770423.0,58736022.94,0.6956,-0.8696,0,0
2024-02-21,sz.300185,2.28,2.35,2.26,2.3,39566278.0,91441363.92,1.068,0.8772,0,0
2024-02-22,sz.300185,2.29,2.32,2.28,2.3,27037100.0,62050283.0,0.7298,0.0,0,0
2024-02-23,sz.300185,2.3,2.32,2.28,2.32,31781850.0,73093298.0,0.8579,0.8696,0,0
2024-02-26,sz.300185,2.32,2.38,2.31,2.37,59454664.0,140066531.04,1.6049,2.1552,0,0
2024-02-27,sz.300185,2.36,2.38,2.33,2.38,37507643.0,88350770.3,1.0125,0.4219,0,0
2024-02-28,sz.300185,2.37,2.42,2.3,2.3,56157518.0,133071268.2,1.5159,-3.3613,0,0
2024-02-29,sz.300185,2.3,2.35,2.29,2.35,35332380.0,82330290.53,0.9537,2.1739,0,0
2024-03-01,sz.300185,2.34,2.37,2.33,2.35,26830000.0,62875810.0,0.7242,0.0,0,0
2024-03-04,sz.300185,2.36,2.37,2.32,2.34,26621850.0,62147147.0,0.7186,-0.4255,0,0
2024-03-05,sz.300185,2.33,2.34,2.3,2.31,24530301.0,56819815.31,0.6622,-1.2821,0,0
2024-03-06,sz.300185,2.3,2.38,2.3,2.36,39933360.0,93777410.72,1.0779,2.1645,0,0
2024-03-07,sz.300185,2.35,2.38,2.34,2.34,35089919.0,82716487.78,0.9472,-0.8475,0,0
2024-03-08,sz.300185,2.34,2.36,2.33,2.35,21956367.0,51502758.01,0.5927,0.4274,0,0
2024-03-11,sz.300185,2.35,2.39,2.34,2.39,34790950.0,82481312.0,0.9391,1.7021,0,0
2024-03-12,sz.300185,2.41,2.46,2.41,2.42,57249170.0,139084874.2,1.5454,1.2552,0,0
2024-03-13,sz.300185,2.41,2.42,2.38,2.39,30382200.0,72878494.99,0.8201,-1.2397,0,0
2024-03-14,sz.300185,2.38,2.4,2.35,2.37,28480172.0,67632715.74,0.7688,-0.8368,0,0
2024-03-15,sz.300185,2.37,2.39,2.36,2.39,21097850.0,50077987.5,0.5695,0.8439,0,0
2024-03-18,sz.300185,2.39,2.41,2.38,2.4,26506450.0,63489440.5,0.7155,0.4184,0,0
2024-03-19,sz.300185,2.4,2.4,2.37,2.37,23840680.0,56858577.36,0.6435,-1.25,0,0
2024-03-20,sz.300185,2.37,2.39,2.36,2.39,21680921.0,51547867.98,0.5852,0.8439,0,0
2024-03-21,sz.300185,2.39,2.39,2.35,2.37,37677000.0,89281059.0,1.017,-0.8368,0,0
2024-03-22,sz.300185,2.37,2.37,2.32,2.33,34034388.0,79508144.92,0.9187,-1.6878,0,0
2024-03-25,sz.300185,2.33,2.34,2.29,2.29,28679165.0,66477256.77,0.7741,-1.7167,0,0
2024-03-26,sz.300185,2.29,2.31,2.27,2.29,26699600.0,61054589.0,0.7207,0.0,0,0
2024-03-27,sz.300185,2.29,2.3,2.23,2.24,24978550.0,56654484.5,0.6743,-2.1834,0,0
2024-03-28,sz.300185,2.24,2.3,2.23,2.29,29323164.0,66742002.42,0.7915,2.2321,0,0
2024-03-29,sz.300185,2.29,2.31,2.28,2.31,21830400.0,50203927.0,0.5893,0.8734,0,0
2024-04-01,sz.300185,2.3,2.35,2.3,2.35,29429300.0,68725060.0,0.7944,1.7316,0,0
2024-04-02,sz.300185,2.38,2.42,2.37,2.39,48714013.0,116544582.68,1.314,1.7021,0,0
2024-04-03,sz.300185,2.37,2.38,2.36,2.37,32778490.0,77664740.4,0.8842,-0.8368,0,0
2024-04-08,sz.300185,2.37,2.39,2.35,2.35,30779767.0,72856863.36,0.8303,-0.8439,0,0
2024-04-09,sz.300185,2.35,2.39,2.35,2.37,27046724.0,64080076.64,0.7296,0.8511,0,0
2024-04-10,sz.300185,2.37,2.38,2.33,2.35,25149000.0,59314022.0,0.6784,-0.8439,0,0
2024-04-11,sz.300185,2.33,2.4,2.31,2.37,44801546.0,106159846.12,1.2085,0.8511,0,0
2024-04-12,sz.300185,2.37,2.38,2.33,2.34,30963400.0,73026895.1,0.8352,-1.2658,0,0
2024-04-15,sz.300185,2.34,2.38,2.29,2.34,44944200.0,105270001.0,1.2123,0.0,0,0
2024-04-16,sz.300185,2.32,2.34,2.25,2.25,47189900.0,108381014.0,1.2729,-3.8462,0,0
2024-04-17,sz.300185,2.25,2.34,2.25,2.34,43048450.0,99404027.0,1.1612,4.0,0,0
2024-04-18,sz.300185,2.33,2.38,2.32,2.34,33721811.0,79366822.85,0.9096,0.0,0,0
2024-04-19,sz.300185,2.34,2.37,2.32,2.34,26304800.0,61660151.0,0.7096,0.0,0,0
2024-04-22,sz.300185,2.34,2.37,2.3,2.32,23262300.0,54272059.0,0.6275,-0.8547,0,0
2024-04-23,sz.300185,2.32,2.34,2.28,2.29,23727359.0,54730461.88,0.64,-1.2931,0,0
2024-04-24,sz.300185,2.29,2.31,2.27,2.29,29525142.0,67548000.76,0.7964,0.0,0,0
2024-04-25,sz.300185,2.28,2.32,2.27,2.31,29453381.0,67878584.11,0.7945,0.8734,0,0
2024-04-26,sz.300185,2.27,2.27,2.12,2.25,83794793.0,184602580.81,2.2603,-2.5974,0,0
2024-04-29,sz.300185,2.25,2.27,2.23,2.26,51010923.0,114862093.98,1.376,0.4444,0,0
2024-04-30,sz.300185,2.26,2.27,2.19,2.2,46845128.0,103700680.62,1.2636,-2.6549,0,0
2024-05-06,sz.300185,2.22,2.25,2.21,2.21,36080943.0,80404266.32,0.9733,0.4545,0,0
2024-05-07,sz.300185,2.21,2.23,2.19,2.21,30504964.0,67361835.44,0.8228,0.0,0,0
2024-05-08,sz.300185,2.21,2.21,2.17,2.17,32754900.0,71612055.0,0.8835,-1.81,0,0
2024-05-09,sz.300185,2.17,2.23,2.17,2.22,40104412.0,88587481.52,1.0818,2.3041,0,0
2024-05-10,sz.300185,2.21,2.23,2.19,2.2,26744700.0,58988340.0,0.7214,-0.9009,0,0
2024-05-13,sz.300185,2.2,2.2,2.17,2.18,27622400.0,60242194.0,0.7451,-0.9091,0,0
2024-05-14,sz.300185,2.18,2.2,2.17,2.17,21013704.0,45758616.68,0.5668,-0.4587,0,0
2024-05-15,sz.300185,2.17,2.18,2.15,2.15,24452739.0,52841593.85,0.6596,-0.9217,0,0
2024-05-16,sz.300185,2.15,2.17,2.15,2.15,18839824.0,40678308.84,0.5082,0.0,0,0
2024-05-17,sz.300185,2.16,2.18,2.15,2.18,21235403.0,45971331.48,0.5728,1.3953,0,0
2024-05-20,sz.300185,2.18,2.2,2.16,2.17,30132583.0,65674880.11,0.8128,-0.4587,0,0
2024-05-21,sz.300185,2.17,2.17,2.14,2.15,18452200.0,39693927.0,0.4977,-0.9217,0,0
2024-05-22,sz.300185,2.14,2.16,2.14,2.16,17552130.0,37787533.0,0.4735,0.4651,0,0
2024-05-23,sz.300185,2.16,2.16,2.12,2.13,26999056.0,57690718.22,0.7283,-1.3889,0,0
2024-05-24,sz.300185,2.12,2.15,2.12,2.12,18001186.0,38434748.18,0.4856,-0.4695,0,0
2024-05-27,sz.300185,2.13,2.14,2.1,2.11,24446689.0,51614751.08,0.6594,-0.4717,0,0
2024-05-28,sz.300185,2.11,2.13,2.1,2.11,21439349.0,45356350.9,0.5783,0.0,0,0
2024-05-29,sz.300185,2.1,2.12,2.1,2.1,14587350.0,30751502.0,0.3935,-0.4739,0,0
2024-05-30,sz.300185,2.1,2.12,2.09,2.1,20747050.0,43590644.0,0.5596,0.0,0,0
2024-05-31,sz.300185,2.1,2.12,2.09,2.11,16611253.0,35040389.83,0.4481,0.4762,0,0
2024-06-03,sz.300185,2.1,2.11,2.0,2.01,51122500.0,104324821.0,1.379,-4.7393,0,0
2024-06-04,sz.300185,2.0,2.04,1.96,2.04,36165200.0,72503651.0,0.9755,1.4925,0,0
2024-06-05,sz.300185,2.03,2.04,1.98,1.99,20703197.0,41687283.94,0.5585,-2.451,0,0
2024-06-06,sz.300185,1.99,2.0,1.89,1.9,53551100.0,103539242.0,1.4445,-4.5226,0,0
2024-06-07,sz.300185,1.9,1.96,1.9,1.93,25090457.0,48386786.12,0.6768,1.5789,0,0
2024-06-11,sz.300185,1.93,1.94,1.88,1.9,33825348.0,64242303.2,0.9124,-1.5544,0,0
2024-06-12,sz.300185,1.9,1.93,1.89,1.91,27828200.0,53090206.9,0.7506,0.5263,0,0
2024-06-13,sz.300185,1.92,1.92,1.89,1.9,19729800.0,37555868.0,0.5322,-0.5236,0,0
2024-06-14,sz.300185,1.9,1.93,1.89,1.92,23189019.0,44389112.29,0.6255,1.0526,0,0
2024-06-17,sz.300185,1.91,1.96,1.9,1.92,26265090.0,50732147.8,0.7085,0.0,0,0
2024-06-18,sz.300185,1.93,1.97,1.92,1.96,31591900.0,61555723.0,0.8522,2.0833,0,0
2024-06-19,sz.300185,1.96,1.97,1.92,1.92,22405900.0,43331445.0,0.6044,-2.0408,0,0
2024-06-20,sz.300185,1.91,1.92,1.85,1.86,28933500.0,54381867.0,0.7805,-2.1053,0,0
2024-06-21,sz.300185,1.86,1.87,1.83,1.85,15581700.0,28872352.0,0.4203,-0.5376,0,0
2024-06-24,sz.300185,1.85,1.85,1.75,1.75,32210919.0,57651131.82,0.8689,-5.4054,0,0
2024-06-25,sz.300185,1.74,1.77,1.73,1.75,28452400.0,49932854.0,0.7675,0.0,0,0
2024-06-26,sz.300185,1.75,1.8,1.72,1.8,33071800.0,58276690.0,0.8921,2.8571,0,0
2024-06-27,sz.300185,1.79,1.8,1.71,1.73,37623999.0,65954705.25,1.0149,-3.8889,0,0
2024-06-28,sz.300185,1.73,1.77,1.72,1.72,26995400.0,47057779.0,0.7282,-0.578,0,0
2024-07-01,sz.300185,1.72,1.75,1.7,1.74,27402750.0,47297347.5,0.7392,1.1628,0,0
2024-07-02,sz.300185,1.74,1.77,1.73,1.77,32203600.0,56601368.0,0.8767,1.7241,0,0
2024-07-03,sz.300185,1.76,1.8,1.76,1.77,28609600.0,50916362.0,0.7788,0.0,0,0
2024-07-04,sz.300185,1.76,1.78,1.7,1.71,33448400.0,57801744.0,0.9106,-3.3898,0,0
2024-07-05,sz.300185,1.71,1.86,1.7,1.81,67431988.0,120542382.52,1.8357,5.848,0,0
2024-07-08,sz.300185,1.77,1.78,1.73,1.75,45029200.0,78919220.0,1.2258,-3.3149,0,0
2024-07-09,sz.300185,1.74,1.8,1.72,1.79,43528993.0,76516043.68,1.185,2.2857,0,0
2024-07-10,sz.300185,1.78,1.8,1.76,1.77,21135372.0,37559715.82,0.5754,-1.1173,0,0
2024-07-11,sz.300185,1.8,1.83,1.79,1.83,34789687.0,63302197.35,0.9471,3.3898,0,0
2024-07-12,sz.300185,1.83,1.84,1.81,1.81,20833800.0,37970072.0,0.5672,-1.0929,0,0
2024-07-15,sz.300185,1.81,1.81,1.78,1.79,18883500.0,33813361.0,0.5141,-1.105,0,0
2024-07-16,sz.300185,1.78,1.79,1.77,1.78,11410229.0,20321801.62,0.3106,-0.5587,0,0
2024-07-17,sz.300185,1.78,1.8,1.77,1.79,18757300.0,33485206.0,0.5106,0.5618,0,0
2024-07-18,sz.300185,1.79,1.8,1.75,1.8,22799888.0,40590382.52,0.6207,0.5587,0,0
2024-07-19,sz.300185,1.79,1.8,1.77,1.78,15912800.0,28429976.0,0.4332,-1.1111,0,0
2024-07-22,sz.300185,1.78,1.82,1.78,1.81,22680700.0,40908194.0,0.6174,1.6854,0,0
2024-07-23,sz.300185,1.8,1.84,1.79,1.8,29047100.0,52757894.0,0.7907,-0.5525,0,0
2024-07-24,sz.300185,1.8,1.87,1.77,1.83,47588400.0,86754097.19,1.2955,1.6667,0,0
2024-07-25,sz.300185,1.83,1.86,1.81,1.84,39931600.0,73297363.0,1.0871,0.5464,0,0
2024-07-26,sz.300185,1.84,1.91,1.83,1.88,49675400.0,93337700.0,1.3523,2.1739,0,0
2024-07-29,sz.300185,1.88,1.91,1.86,1.88,40362050.0,76133896.5,1.0988,0.0,0,0
2024-07-30,sz.300185,1.88,1.91,1.87,1.89,24888150.0,47018124.0,0.6775,0.5319,0,0
2024-07-31,sz.300185,1.88,1.93,1.87,1.92,41032500.0,78160527.0,1.117,1.5873,0,0
2024-08-01,sz.300185,1.92,1.95,1.91,1.92,30870000.0,59581516.0,0.8404,0.0,0,0
2024-08-02,sz.300185,1.92,1.92,1.87,1.87,28966700.0,54887977.0,0.7886,-2.6042,0,0
2024-08-05,sz.300185,1.87,1.9,1.85,1.85,30008062.0,56270960.7,0.8169,-1.0695,0,0
2024-08-06,sz.300185,1.86,1.89,1.86,1.87,18759728.0,35154172.08,0.5107,1.0811,0,0
2024-08-07,sz.300185,1.87,1.89,1.86,1.86,17338997.0,32440627.42,0.472,-0.5348,0,0
2024-08-08,sz.300185,1.86,1.88,1.84,1.86,20425000.0,37998085.0,0.556,0.0,0,0
2024-08-09,sz.300185,1.87,1.88,1.85,1.85,18903900.0,35241775.0,0.5146,-0.5376,0,0
2024-08-12,sz.300185,1.86,1.87,1.82,1.83,19296100.0,35452892.0,0.5253,-1.0811,0,0
2024-08-13,sz.300185,1.84,1.88,1.83,1.88,25852062.0,48222238.94,0.7038,2.7322,0,0
2024-08-14,sz.300185,1.88,1.88,1.85,1.86,19566900.0,36521530.0,0.5327,-1.0638,0,0
2024-08-15,sz.300185,1.85,1.91,1.85,1.91,35695700.0,67405399.0,0.9717,2.6882,0,0
2024-08-16,sz.300185,1.9,1.92,1.88,1.88,22425700.0,42529742.0,0.6105,-1.5707,0,0
2024-08-19,sz.300185,1.88,1.9,1.87,1.88,17250914.0,32476121.18,0.4696,0.0,0,0
2024-08-20,sz.300185,1.89,1.9,1.84,1.86,34070700.0,63677649.0,0.9275,-1.0638,0,0
2024-08-21,sz.300185,1.85,1.86,1.78,1.79,30027300.0,54241111.0,0.8174,-3.7634,0,0
2024-08-22,sz.300185,1.8,1.83,1.77,1.77,18891553.0,33985118.87,0.5143,-1.1173,0,0
2024-08-23,sz.300185,1.78,1.79,1.76,1.77,16239550.0,28788036.5,0.4421,0.0,0,0
2024-08-26,sz.300185,1.77,1.81,1.77,1.8,14014818.0,25205804.4,0.3815,1.6949,0,0
2024-08-27,sz.300185,1.81,1.82,1.78,1.79,17237752.0,31003386.08,0.4693,-0.5556,0,0
2024-08-28,sz.300185,1.78,1.81,1.77,1.79,13556872.0,24263506.44,0.3691,0.0,0,0
2024-08-29,sz.300185,1.8,1.83,1.79,1.82,19128750.0,34735275.0,0.5207,1.676,0,0
2024-08-30,sz.300185,1.82,1.87,1.81,1.85,30633800.0,56555842.0,0.8339,1.6484,0,0
2024-09-02,sz.300185,1.84,1.86,1.81,1.82,19106200.0,35081134.0,0.5202,-1.6216,0,0
2024-09-03,sz.300185,1.81,1.84,1.8,1.8,17694416.0,32103669.8,0.4818,-1.0989,0,0
2024-09-04,sz.300185,1.8,1.83,1.79,1.79,19200600.0,34698585.0,0.5228,-0.5556,0,0
2024-09-05,sz.300185,1.8,1.82,1.79,1.8,15875100.0,28682467.0,0.4322,0.5587,0,0
2024-09-06,sz.300185,1.8,1.81,1.77,1.77,20469900.0,36561427.0,0.5573,-1.6667,0,0
2024-09-09,sz.300185,1.76,1.79,1.75,1.77,16931000.0,29994792.0,0.461,0.0,0,0
2024-09-10,sz.300185,1.77,1.8,1.76,1.79,19341044.0,34423663.88,0.5266,1.1299,0,0
2024-09-11,sz.300185,1.79,1.8,1.76,1.78,16517300.0,29399051.0,0.4497,-0.5587,0,0
2024-09-12,sz.300185,1.78,1.81,1.77,1.79,16532200.0,29645259.0,0.4501,0.5618,0,0
2024-09-13,sz.300185,1.79,1.81,1.78,1.8,15703300.0,28175647.0,0.4276,0.5587,0,0
2024-09-18,sz.300185,1.79,1.8,1.76,1.77,18399700.0,32649520.0,0.501,-1.6667,0,0
2024-09-19,sz.300185,1.78,1.82,1.77,1.81,27835884.0,50182612.91,0.7579,2.2599,0,0
2024-09-20,sz.300185,1.82,1.82,1.78,1.8,18362800.0,33057857.0,0.5,-0.5525,0,0
2024-09-23,sz.300185,1.8,1.81,1.78,1.79,15943003.0,28605610.37,0.4341,-0.5556,0,0
2024-09-24,sz.300185,1.8,1.86,1.8,1.86,47018564.0,86274236.76,1.2802,3.9106,0,0
2024-09-25,sz.300185,1.87,1.94,1.86,1.89,54855300.0,104630262.0,1.4936,1.6129,0,0
2024-09-26,sz.300185,1.88,1.95,1.88,1.94,51754300.0,99190384.78,1.4091,2.6455,0,0
2024-09-27,sz.300185,1.96,2.07,1.96,2.05,82410200.0,165830636.0,2.2438,5.6701,0,0
2024-09-30,sz.300185,2.13,2.4,2.13,2.38,196369418.0,446156331.95,5.3466,16.0976,0,0
2024-10-08,sz.300185,2.84,2.86,2.51,2.78,293199134.0,796200435.46,7.983,16.8067,0,0
2024-10-09,sz.300185,2.72,2.72,2.4,2.41,205429829.0,524736428.55,5.5933,-13.3094,0,0
2024-10-10,sz.300185,2.45,2.62,2.42,2.52,164019309.0,414096991.6,4.4658,4.5643,0,0
2024-10-11,sz.300185,2.5,2.5,2.3,2.33,120936589.0,289309357.87,3.2928,-7.5397,0,0
2024-10-14,sz.300185,2.37,2.43,2.37,2.43,99368951.0,239261858.4,2.7055,4.2918,0,0
2024-10-15,sz.300185,2.43,2.45,2.34,2.35,80660088.0,193419505.41,2.1962,-3.2922,0,0
2024-10-16,sz.300185,2.31,2.37,2.3,2.34,61711108.0,144403231.84,1.6802,-0.4255,0,0
2024-10-17,sz.300185,2.35,2.4,2.33,2.33,66199192.0,156662670.88,1.8024,-0.4274,0,0
2024-10-18,sz.300185,2.33,2.45,2.32,2.42,96996196.0,230961518.96,2.6409,3.8627,0,0
2024-10-21,sz.300185,2.63,2.9,2.62,2.9,448423544.0,1276227925.02,12.2094,19.8347,1,0
2024-10-22,sz.300185,2.96,2.99,2.74,2.8,503695699.0,1432324987.15,13.7143,-3.4483,0,0
2024-10-23,sz.300185,2.75,3.25,2.75,3.11,560548371.0,1691364062.41,15.2622,11.0714,0,0
2024-10-24,sz.300185,3.0,3.0,2.9,2.92,286801794.0,842186879.82,7.8088,-6.1093,0,0
2024-10-25,sz.300185,2.9,2.98,2.86,2.92,242297707.0,706260030.22,6.5971,0.0,0,0
2024-10-28,sz.300185,2.91,2.93,2.86,2.89,190312597.0,551087247.7,5.1817,-1.0274,0,0
2024-10-29,sz.300185,2.9,2.97,2.8,2.8,195006635.0,561048926.05,5.3095,-3.1142,0,0
2024-10-30,sz.300185,2.77,2.85,2.75,2.8,127349669.0,356649680.61,3.4674,0.0,0,0
2024-10-31,sz.300185,2.86,3.05,2.85,2.96,290053749.0,859181361.15,7.8974,5.7143,0,0
2024-11-01,sz.300185,3.09,3.25,2.96,2.97,397193053.0,1232719194.83,10.8145,0.3378,0,0
2024-11-04,sz.300185,2.85,2.98,2.84,2.9,183909673.0,532393072.09,5.0074,-2.3569,0,0
2024-11-05,sz.300185,2.89,3.1,2.87,3.05,247596321.0,741775765.61,6.7414,5.1724,0,0
2024-11-06,sz.300185,3.04,3.06,2.97,3.0,202570363.0,609598848.22,5.5154,-1.6393,0,0
2024-11-07,sz.300185,2.98,3.45,2.94,3.23,390339859.0,1231209139.47,10.6279,7.6667,0,0
2024-11-08,sz.300185,3.25,3.35,3.16,3.18,306770213.0,993973006.41,8.3525,-1.548,0,0
2024-11-11,sz.300185,3.15,3.21,3.12,3.18,171488033.0,541629117.95,4.6692,0.0,0,0
2024-11-12,sz.300185,3.2,3.21,3.05,3.09,165502254.0,517565938.93,4.5062,-2.8302,0,0
2024-11-13,sz.300185,3.06,3.1,2.97,3.04,118799921.0,359146081.42,3.2346,-1.6181,0,0
2024-11-14,sz.300185,3.03,3.04,2.91,2.92,102898827.0,305110108.6,2.8017,-3.9474,0,0
2024-11-15,sz.300185,2.89,2.94,2.8,2.8,116774340.0,335708427.8,3.1794,-4.1096,0,0
2024-11-18,sz.300185,2.81,2.88,2.79,2.82,111921795.0,316799216.65,3.0473,0.7143,0,0
2024-11-19,sz.300185,2.82,2.85,2.75,2.85,94694537.0,265215448.04,2.5783,1.0638,0,0
2024-11-20,sz.300185,2.83,2.9,2.81,2.89,95450500.0,272770451.92,2.5989,1.4035,0,0
2024-11-21,sz.300185,2.88,2.89,2.82,2.86,81411946.0,231926478.58,2.2166,-1.0381,0,0
2024-11-22,sz.300185,2.84,2.87,2.73,2.74,91074357.0,255806345.3,2.4797,-4.1958,0,0
2024-11-25,sz.300185,2.73,2.76,2.68,2.74,72008048.0,195152241.63,1.9606,0.0,0,0
2024-11-26,sz.300185,2.73,2.77,2.68,2.69,56968300.0,154927006.0,1.5511,-1.8248,0,0
2024-11-27,sz.300185,2.68,2.77,2.62,2.77,87602454.0,235475460.38,2.3852,2.974,0,0
2024-11-28,sz.300185,2.77,2.84,2.75,2.81,86790750.0,244093594.0,2.3631,1.444,0,0
2024-11-29,sz.300185,2.8,2.85,2.75,2.82,78817237.0,221447597.71,2.146,0.3559,0,0
2024-12-02,sz.300185,2.83,2.95,2.82,2.95,127095213.0,368546850.95,3.4605,4.6099,0,0
2024-12-03,sz.300185,2.94,3.01,2.92,2.98,127538165.0,378850910.48,3.4725,1.0169,0,0
2024-12-04,sz.300185,2.97,2.97,2.9,2.92,95403100.0,280291955.0,2.5976,-2.0134,0,0
2024-12-05,sz.300185,2.9,3.02,2.9,2.99,104776949.0,311203238.51,2.8528,2.3973,0,0
2024-12-06,sz.300185,2.98,3.15,2.98,3.11,225387547.0,694637957.41,6.1367,4.0134,0,0
2024-12-09,sz.300185,3.11,3.17,3.05,3.08,152835508.0,471842636.32,4.1613,-0.9646,0,0
2024-12-10,sz.300185,3.15,3.18,3.04,3.05,161426400.0,501178065.0,4.3952,-0.974,0,0
2024-12-11,sz.300185,3.02,3.14,3.0,3.12,150727390.0,467456756.0,4.1039,2.2951,0,0
2024-12-12,sz.300185,3.12,3.13,3.04,3.09,104648600.0,321830251.0,2.8493,-0.9615,0,0
2024-12-13,sz.300185,3.07,3.08,2.99,2.99,112300864.0,338814831.36,3.0576,-3.2362,0,0
2024-12-16,sz.300185,2.98,3.02,2.95,2.98,68603200.0,204567750.0,1.8679,-0.3344,0,0
2024-12-17,sz.300185,2.98,2.99,2.88,2.89,84008603.0,244755538.64,2.2873,-3.0201,0,0
2024-12-18,sz.300185,2.89,2.93,2.84,2.86,71122164.0,205411680.4,1.9365,-1.0381,0,0
2024-12-19,sz.300185,2.83,2.88,2.8,2.86,62254600.0,176826341.0,1.695,0.0,0,0
2024-12-20,sz.300185,2.87,2.89,2.84,2.85,47827200.0,136657474.0,1.3022,-0.3497,0,0
2024-12-23,sz.300185,2.86,2.86,2.72,2.73,87353613.0,242206445.4,2.3784,-4.2105,0,0
2024-12-24,sz.300185,2.76,2.78,2.71,2.73,51830298.0,142145241.14,1.4112,0.0,0,0
2024-12-25,sz.300185,2.73,2.75,2.63,2.67,68318803.0,182186152.98,1.8601,-2.1978,0,0
2024-12-26,sz.300185,2.65,2.7,2.65,2.67,42607000.0,113915903.0,1.1601,0.0,0,0
2024-12-27,sz.300185,2.68,2.75,2.65,2.7,64564594.0,175389698.62,1.7579,1.1236,0,0
2024-12-30,sz.300185,2.7,2.71,2.64,2.67,52696819.0,140306213.73,1.4348,-1.1111,0,0
2024-12-31,sz.300185,2.67,2.7,2.57,2.57,58800803.0,154061232.71,1.601,-3.7453,0,0
2025-01-02,sz.300185,2.59,2.6,2.47,2.5,66565850.0,169145924.36,1.8124,-2.7237,0,0
2025-01-03,sz.300185,2.51,2.53,2.39,2.41,68142003.0,167635782.47,1.8553,-3.6,0,0
2025-01-06,sz.300185,2.41,2.44,2.35,2.42,57270213.0,137987743.56,1.5593,0.4149,0,0
2025-01-07,sz.300185,2.43,2.47,2.4,2.47,55570648.0,135381096.5,1.513,2.0661,0,0
2025-01-08,sz.300185,2.47,2.47,2.37,2.43,64850000.0,156649832.0,1.7657,-1.6194,0,0
2025-01-09,sz.300185,2.42,2.45,2.41,2.43,44820794.0,108933897.48,1.2203,0.0,0,0
2025-01-10,sz.300185,2.43,2.45,2.35,2.36,49529803.0,119109931.08,1.3485,-2.8807,0,0
2025-01-13,sz.300185,2.34,2.37,2.3,2.37,49214200.0,115519988.0,1.3399,0.4237,0,0
2025-01-14,sz.300185,2.37,2.5,2.36,2.5,76138744.0,186454058.12,2.073,5.4852,0,0
2025-01-15,sz.300185,2.5,2.51,2.43,2.46,56943676.0,139957060.32,1.5504,-1.6,0,0
2025-01-16,sz.300185,2.47,2.55,2.46,2.49,59019003.0,147633702.44,1.6069,1.2195,0,0
2025-01-17,sz.300185,2.48,2.51,2.45,2.47,39794119.0,98657483.93,1.0835,-0.8032,0,0
2025-01-20,sz.300185,2.5,2.52,2.45,2.5,51370299.0,128237014.51,1.3986,1.2146,0,0
2025-01-21,sz.300185,2.51,2.51,2.44,2.46,41752800.0,103120854.0,1.1368,-1.6,0,0
2025-01-22,sz.300185,2.45,2.46,2.41,2.43,42235600.0,102628956.0,1.1499,-1.2195,0,0
2025-01-23,sz.300185,2.45,2.52,2.41,2.42,57147700.0,141314586.56,1.5559,-0.4115,0,0
2025-01-24,sz.300185,2.42,2.47,2.4,2.46,47845344.0,116759241.36,1.3027,1.6529,0,0
2025-01-27,sz.300185,2.47,2.5,2.39,2.39,45729687.0,111354506.67,1.2451,-2.8455,0,0
2025-02-05,sz.300185,2.43,2.46,2.41,2.44,44627800.0,108767917.0,1.2151,2.0921,0,0
2025-02-06,sz.300185,2.43,2.51,2.4,2.51,71015324.0,175449770.23,1.9335,2.8689,0,0
2025-02-07,sz.300185,2.51,2.56,2.5,2.54,77302400.0,195977109.0,2.1047,1.1952,0,0
2025-02-10,sz.300185,2.54,2.57,2.53,2.55,59912800.0,152592794.0,1.6312,0.3937,0,0
2025-02-11,sz.300185,2.55,2.56,2.49,2.51,55782505.0,139969432.5,1.5188,-1.5686,0,0
2025-02-12,sz.300185,2.5,2.53,2.49,2.52,57299700.0,144011830.0,1.5601,0.3984,0,0
2025-02-13,sz.300185,2.52,2.54,2.48,2.48,61344900.0,153468795.0,1.6702,-1.5873,0,0
2025-02-14,sz.300185,2.49,2.51,2.45,2.47,53757700.0,133438662.0,1.4636,-0.4032,0,0
2025-02-17,sz.300185,2.47,2.56,2.46,2.51,90498330.0,227121839.7,2.464,1.6194,0,0
2025-02-18,sz.300185,2.51,2.52,2.4,2.42,76109000.0,187525671.0,2.0722,-3.5857,0,0
2025-02-19,sz.300185,2.42,2.45,2.41,2.45,49049200.0,119404409.0,1.3354,1.2397,0,0
2025-02-20,sz.300185,2.44,2.47,2.41,2.45,60716250.0,148207872.0,1.6531,0.0,0,0
2025-02-21,sz.300185,2.46,2.46,2.4,2.45,65204300.0,158690116.0,1.7753,0.0,0,0
2025-02-24,sz.300185,2.45,2.51,2.44,2.49,76401499.0,189895479.56,2.0802,1.6327,0,0
2025-02-25,sz.300185,2.46,2.52,2.43,2.48,74490420.0,185367195.6,2.0281,-0.4016,0,0
2025-02-26,sz.300185,2.49,2.53,2.48,2.52,73089590.0,183239194.17,1.99,1.6129,0,0
2025-02-27,sz.300185,2.53,2.54,2.46,2.5,78950500.0,197616642.0,2.1496,-0.7937,0,0
2025-02-28,sz.300185,2.5,2.51,2.42,2.43,70879300.0,174373337.0,1.9298,-2.8,0,0
2025-03-03,sz.300185,2.44,2.51,2.43,2.45,64401184.0,159281433.36,1.7534,0.823,0,0
2025-03-04,sz.300185,2.44,2.47,2.42,2.45,45896800.0,112184246.0,1.2496,0.0,0,0
2025-03-05,sz.300185,2.44,2.48,2.41,2.47,65536610.0,160000167.34,1.7843,0.8163,0,0
2025-03-06,sz.300185,2.47,2.52,2.47,2.51,75408250.0,188527447.5,2.0531,1.6194,0,0
2025-03-07,sz.300185,2.52,2.58,2.47,2.52,106195061.0,268251250.89,2.8913,0.3984,0,0
2025-03-10,sz.300185,2.52,2.55,2.49,2.5,60140469.0,151287807.5,1.6374,-0.7937,0,0
2025-03-11,sz.300185,2.48,2.52,2.47,2.52,51881842.0,129479902.2,1.4126,0.8,0,0
2025-03-12,sz.300185,2.52,2.55,2.5,2.53,66495927.0,168058467.43,1.8105,0.3968,0,0
2025-03-13,sz.300185,2.53,2.54,2.46,2.48,69997238.0,174015737.55,1.9058,-1.9763,0,0
2025-03-14,sz.300185,2.48,2.54,2.46,2.53,78675919.0,197296427.31,2.1421,2.0161,0,0
2025-03-17,sz.300185,2.54,2.59,2.53,2.55,80340817.0,205798777.52,2.1874,0.7905,0,0
2025-03-18,sz.300185,2.56,2.57,2.52,2.54,48265464.0,122516188.92,1.3141,-0.3922,0,0
2025-03-19,sz.300185,2.54,2.58,2.51,2.55,80970122.0,206715961.88,2.2046,0.3937,0,0
2025-03-20,sz.300185,2.54,2.8,2.53,2.7,275143094.0,744184616.71,7.4912,5.8824,0,0
2025-03-21,sz.300185,2.68,2.96,2.67,2.9,368307072.0,1051627045.2,10.0278,7.4074,0,0
2025-03-24,sz.300185,2.99,2.99,2.72,2.81,257242297.0,724806033.78,7.0039,-3.1034,0,0
2025-03-25,sz.300185,2.74,3.06,2.72,2.87,261390694.0,757437387.46,7.1168,2.1352,0,0
2025-03-26,sz.300185,2.81,2.88,2.75,2.81,183805679.0,515721988.56,5.0044,-2.0906,0,0
2025-03-27,sz.300185,2.78,2.79,2.66,2.67,145139836.0,391461283.2,3.9517,-4.9822,0,0
2025-03-28,sz.300185,2.65,2.68,2.58,2.58,90495850.0,236754967.0,2.4639,-3.3708,0,0
2025-03-31,sz.300185,2.57,2.6,2.52,2.54,75859827.0,193656812.58,2.0654,-1.5504,0,0
2025-04-01,sz.300185,2.55,2.59,2.54,2.55,65938100.0,168818214.0,1.7953,0.3937,0,0
2025-04-02,sz.300185,2.55,2.57,2.52,2.53,57542403.0,146569224.68,1.5778,-0.7843,0,0
2025-04-03,sz.300185,2.51,2.57,2.5,2.53,65117553.0,165212335.12,1.7856,0.0,0,0
2025-04-07,sz.300185,2.43,2.43,2.06,2.11,158479700.0,355091606.36,4.3456,-16.6008,0,0
2025-04-08,sz.300185,2.17,2.26,2.17,2.23,111659964.0,246844315.94,3.0618,5.6872,0,0
2025-04-09,sz.300185,2.19,2.32,2.1,2.3,115230903.0,257228164.96,3.1597,3.139,0,0
2025-04-10,sz.300185,2.35,2.39,2.31,2.33,93419031.0,219628180.4,2.5616,1.3043,0,0
2025-04-11,sz.300185,2.3,2.34,2.29,2.3,62680410.0,145216593.83,1.7187,-1.2876,0,0
2025-04-14,sz.300185,2.33,2.38,2.31,2.36,72771309.0,171254611.15,1.9954,2.6087,0,0
2025-04-15,sz.300185,2.35,2.36,2.31,2.33,46385400.0,108153943.0,1.2719,-1.2712,0,0
2025-04-16,sz.300185,2.31,2.33,2.27,2.3,50949041.0,116961540.89,1.397,-1.2876,0,0
2025-04-17,sz.300185,2.29,2.32,2.27,2.28,34802500.0,79997629.0,0.9543,-0.8696,0,0
2025-04-18,sz.300185,2.28,2.3,2.26,2.29,38033400.0,86702164.0,1.0429,0.4386,0,0
2025-04-21,sz.300185,2.29,2.33,2.27,2.32,44100800.0,101815794.0,1.2093,1.31,0,0
2025-04-22,sz.300185,2.31,2.32,2.29,2.3,41531010.0,95696582.0,1.1388,-0.8621,0,0
2025-04-23,sz.300185,2.31,2.33,2.3,2.31,39131491.0,90517871.21,1.073,0.4348,0,0
2025-04-24,sz.300185,2.32,2.45,2.3,2.41,138850500.0,330143787.06,3.8073,4.329,0,0
2025-04-25,sz.300185,2.39,2.42,2.36,2.37,82441550.0,196757445.5,2.2606,-1.6598,0,0
2025-04-28,sz.300185,2.41,2.43,2.35,2.35,55725600.0,132415252.0,1.528,-0.8439,0,0
2025-04-29,sz.300185,2.39,2.46,2.37,2.44,105857003.0,257457340.32,2.9026,3.8298,0,0
2025-04-30,sz.300185,2.44,2.44,2.44,2.44,,,,,0,0
2025-05-06,sz.300185,2.44,2.44,2.44,2.44,,,,,0,0
2025-05-07,sz.300185,2.61,2.8,2.61,2.67,223852881.0,600479125.49,6.1382,9.4262,0,0
2025-05-08,sz.300185,2.61,2.75,2.61,2.67,149638414.0,402166578.11,4.1032,0.0,0,0
2025-05-09,sz.300185,2.69,2.83,2.67,2.76,189709897.0,525397489.81,5.2019,3.3708,0,0
2025-05-12,sz.300185,2.79,2.8,2.68,2.73,130385062.0,354642697.45,3.5752,-1.087,0,0
2025-05-13,sz.300185,2.76,2.77,2.66,2.68,101487394.0,274013300.92,2.7828,-1.8315,0,0
2025-05-14,sz.300185,2.68,2.7,2.65,2.69,80841675.0,216399893.28,2.2167,0.3731,0,0
2025-05-15,sz.300185,2.68,2.7,2.63,2.64,68224800.0,181231858.0,1.8708,-1.8587,0,0
2025-05-16,sz.300185,2.63,2.69,2.62,2.66,61159356.0,163242638.52,1.677,0.7576,0,0
2025-05-19,sz.300185,2.68,2.73,2.66,2.73,87219974.0,235704837.9,2.3916,2.6316,0,0
2025-05-20,sz.300185,2.72,2.76,2.7,2.71,62977488.0,171203405.51,1.7269,-0.7326,0,0
2025-05-21,sz.300185,2.71,2.73,2.67,2.68,46807293.0,125958354.24,1.2835,-1.107,0,0
2025-05-22,sz.300185,2.68,2.69,2.63,2.63,44592032.0,118260627.44,1.2227,-1.8657,0,0
2025-05-23,sz.300185,2.62,2.68,2.62,2.62,57297675.0,151727314.83,1.5711,-0.3802,0,0
2025-05-26,sz.300185,2.63,2.66,2.62,2.66,46571309.0,123222829.26,1.277,1.5267,0,0
2025-05-27,sz.300185,2.66,2.66,2.61,2.65,45370203.0,119472891.92,1.2441,-0.3759,0,0
2025-05-28,sz.300185,2.65,2.84,2.65,2.77,178578073.0,492168125.71,4.8967,4.5283,0,0
2025-05-29,sz.300185,2.76,2.79,2.73,2.76,102385170.0,282717133.5,2.8074,-0.361,0,0
2025-05-30,sz.300185,2.75,2.77,2.68,2.7,75887000.0,205264613.0,2.0809,-2.1739,0,0
2025-06-03,sz.300185,2.68,2.75,2.67,2.73,60888503.0,165554177.36,1.6696,1.1111,0,0
2025-06-04,sz.300185,2.72,2.73,2.69,2.7,52303915.0,141393248.16,1.4342,-1.0989,0,0
2025-06-05,sz.300185,2.7,2.71,2.67,2.69,48071731.0,129228409.89,1.3181,-0.3704,0,0
2025-06-06,sz.300185,2.69,2.7,2.67,2.68,31390900.0,84270761.0,0.8608,-0.3717,0,0
2025-06-09,sz.300185,2.68,2.73,2.68,2.7,57289455.0,154964163.05,1.5709,0.7463,0,0
2025-06-10,sz.300185,2.7,2.71,2.64,2.66,57461950.0,153269643.0,1.5756,-1.4815,0,0
2025-06-11,sz.300185,2.66,2.7,2.65,2.68,38759100.0,103883093.0,1.0628,0.7519,0,0
2025-06-12,sz.300185,2.67,2.71,2.66,2.69,43538325.0,116711939.0,1.1938,0.3731,0,0
2025-06-13,sz.300185,2.68,2.82,2.67,2.75,164278235.0,451332220.82,4.5046,2.2305,0,0
2025-06-16,sz.300185,2.73,2.81,2.7,2.79,140556291.0,390620581.39,3.8541,1.4545,0,0
2025-06-17,sz.300185,2.79,2.82,2.74,2.81,122464944.0,341450720.88,3.358,0.7168,0,0
2025-06-18,sz.300185,2.81,2.83,2.76,2.79,87346562.0,243776697.15,2.3951,-0.7117,0,0
2025-06-19,sz.300185,2.77,2.78,2.65,2.7,115567200.0,312528390.3,3.1689,-3.2258,0,0
2025-06-20,sz.300185,2.68,2.71,2.64,2.65,53177890.0,141594817.5,1.4582,-1.8519,0,0
2025-06-23,sz.300185,2.65,2.74,2.64,2.73,90205470.0,244303193.0,2.4735,3.0189,0,0
2025-06-24,sz.300185,2.71,2.75,2.69,2.74,76696331.0,209016212.44,2.103,0.3663,0,0
2025-06-25,sz.300185,2.75,2.79,2.73,2.78,91416600.0,253225814.39,2.5067,1.4599,0,0
2025-06-26,sz.300185,2.78,2.84,2.77,2.79,100875500.0,282727384.5,2.766,0.3597,0,0
2025-06-27,sz.300185,2.8,2.87,2.79,2.82,107298306.0,303938177.98,2.9422,1.0753,0,0
2025-06-30,sz.300185,2.82,2.88,2.82,2.86,101788703.0,291258113.58,2.7911,1.4184,0,0
2025-07-01,sz.300185,2.85,2.9,2.85,2.88,117027600.0,336608076.97,3.2089,0.6993,0,0
2025-07-02,sz.300185,2.94,2.95,2.84,2.86,157485144.0,455261849.05,4.3184,-0.6944,0,0
2025-07-03,sz.300185,2.85,2.91,2.82,2.83,109308313.0,311113322.79,2.9973,-1.049,0,0
2025-07-04,sz.300185,2.84,2.85,2.8,2.8,76391900.0,215514508.0,2.0947,-1.0601,0,0
2025-07-07,sz.300185,2.8,2.82,2.8,2.81,47073700.0,132213308.0,1.2908,0.3571,0,0
2025-07-08,sz.300185,2.81,2.87,2.8,2.87,81818200.0,232138341.0,2.2435,2.1352,0,0
2025-07-09,sz.300185,2.85,2.88,2.84,2.85,70559309.0,201737161.74,1.9348,-0.6969,0,0
2025-07-10,sz.300185,2.85,2.88,2.83,2.85,64814535.0,184655563.75,1.7773,0.0,0,0
2025-07-11,sz.300185,2.85,2.88,2.83,2.87,84088020.0,240586188.2,2.3058,0.7018,0,0
2025-07-14,sz.300185,2.86,2.9,2.85,2.86,69925200.0,201201273.0,1.9174,-0.3484,0,0
2025-07-15,sz.300185,2.86,2.87,2.75,2.77,95432103.0,266585559.28,2.6168,-3.1469,0,0
2025-07-16,sz.300185,2.77,2.78,2.75,2.77,55650453.0,153975513.81,1.526,0.0,0,0
2025-07-17,sz.300185,2.76,2.78,2.75,2.77,45486853.0,125900554.28,1.2473,0.0,0,0
2025-07-18,sz.300185,2.77,2.81,2.77,2.79,58284402.0,162483564.56,1.5982,0.722,0,0
2025-07-21,sz.300185,2.8,3.03,2.79,2.98,233190146.0,682518507.46,6.3943,6.81,0,0
2025-07-22,sz.300185,3.13,3.25,3.03,3.1,325761223.0,1012938963.13,8.9327,4.0268,0,0
2025-07-23,sz.300185,3.13,3.15,2.97,2.98,228788824.0,696548476.51,6.2736,-3.871,0,0
2025-07-24,sz.300185,2.98,3.07,2.95,3.0,158342450.0,476191254.96,4.3419,0.6711,0,0
2025-07-25,sz.300185,3.0,3.01,2.9,2.91,130302870.0,382227099.1,3.573,-3.0,0,0
2025-07-28,sz.300185,2.92,2.93,2.87,2.92,97303786.0,282995303.09,2.6682,0.3436,0,0
2025-07-29,sz.300185,2.91,2.92,2.85,2.88,85891122.0,246935981.36,2.3552,-1.3699,0,0
2025-07-30,sz.300185,2.87,2.9,2.83,2.85,79106900.0,226427385.0,2.1692,-1.0417,0,0
2025-07-31,sz.300185,2.84,2.85,2.77,2.78,85141378.0,239203677.84,2.3346,-2.4561,0,0
2025-08-01,sz.300185,2.84,2.98,2.83,2.96,267723125.0,781883688.5,7.3412,6.4748,0,0
2025-08-04,sz.300185,2.93,2.99,2.9,2.98,130961658.0,385565607.91,3.5911,0.6757,0,0
2025-08-05,sz.300185,2.98,3.0,2.96,2.98,95069810.0,282914994.68,2.6069,0.0,0,0
2025-08-06,sz.300185,2.98,3.0,2.96,3.0,99760871.0,297626869.29,2.7355,0.6711,0,0
2025-08-07,sz.300185,3.0,3.01,2.94,2.95,100446542.0,297409909.26,2.7543,-1.6667,0,0
2025-08-08,sz.300185,2.94,3.05,2.94,3.03,157373239.0,474623510.54,4.3153,2.7119,0,0
2025-08-11,sz.300185,3.03,3.11,3.01,3.07,148925207.0,455562708.05,4.0837,1.3201,0,0
2025-08-12,sz.300185,3.07,3.09,3.04,3.06,102232695.0,312820001.25,2.8033,-0.3257,0,0
2025-08-13,sz.300185,3.06,3.08,3.04,3.06,87357750.0,267102537.5,2.3954,0.0,0,0
2025-08-14,sz.300185,3.07,3.08,2.98,2.99,100992200.0,305113195.5,2.7693,-2.2876,0,0
2025-08-15,sz.300185,2.99,3.04,2.98,3.03,88685000.0,268195335.5,2.4318,1.3378,0,0
2025-08-18,sz.300185,3.04,3.1,3.02,3.07,140730024.0,432219953.46,3.8589,1.3201,0,0
2025-08-19,sz.300185,3.07,3.12,3.04,3.05,109646619.0,336099802.86,3.0066,-0.6515,0,0
2025-08-20,sz.300185,3.05,3.08,3.01,3.07,88678921.0,270058273.96,2.4317,0.6557,0,0
2025-08-21,sz.300185,3.06,3.1,3.03,3.04,93816376.0,286483221.84,2.5725,-0.9772,0,0
2025-08-22,sz.300185,3.04,3.06,3.01,3.05,85132460.0,258265838.28,2.3344,0.3289,0,0
2025-08-25,sz.300185,3.05,3.11,3.05,3.1,139566846.0,431034612.74,3.827,1.6393,0,0
2025-08-26,sz.300185,3.09,3.15,3.05,3.14,139154154.0,433707395.44,3.8157,1.2903,0,0
2025-08-27,sz.300185,3.14,3.15,3.01,3.02,167832000.0,517458817.0,4.5271,-3.8217,0,0
2025-08-28,sz.300185,3.0,3.03,2.83,2.96,237860888.0,696083246.45,6.4161,-1.9868,0,0
2025-08-29,sz.300185,2.95,2.95,2.86,2.87,116911687.0,338644048.69,3.1536,-3.0405,0,0
2025-09-01,sz.300185,2.9,2.96,2.86,2.9,142815826.0,415258703.14,3.8523,1.0453,0,0
2025-09-02,sz.300185,2.9,2.93,2.83,2.87,120270450.0,345235607.5,3.2442,-1.0345,0,0
2025-09-03,sz.300185,2.88,2.9,2.79,2.8,88160442.0,250483728.6,2.3781,-2.439,0,0
2025-09-04,sz.300185,2.81,2.85,2.74,2.77,102487829.0,287444598.41,2.7645,-1.0714,0,0
2025-09-05,sz.300185,2.78,2.9,2.77,2.9,127246112.0,362954620.13,3.4324,4.6931,0,0
2025-09-08,sz.300185,2.9,2.9,2.83,2.86,100846800.0,288065254.0,2.7203,-1.3793,0,0
2025-09-09,sz.300185,2.86,2.87,2.8,2.82,75783091.0,214786078.71,2.0442,-1.3986,0,0
2025-09-10,sz.300185,2.82,2.84,2.8,2.8,66515585.0,187100566.0,1.7942,-0.7092,0,0
2025-09-11,sz.300185,2.8,2.84,2.77,2.83,69957832.0,196452914.83,1.8871,1.0714,0,0
2025-09-12,sz.300185,2.83,2.9,2.82,2.87,100041200.0,286787823.0,2.6985,1.4134,0,0
2025-09-15,sz.300185,2.88,2.95,2.87,2.91,114964531.0,333458472.83,3.1011,1.3937,0,0
2025-09-16,sz.300185,2.9,2.97,2.88,2.97,136470680.0,400718790.14,3.6812,2.0619,0,0
2025-09-17,sz.300185,2.96,2.98,2.93,2.98,96562800.0,285861637.0,2.6047,0.3367,0,0
2025-09-18,sz.300185,2.98,3.58,2.98,3.36,838031102.0,2857011207.46,22.6052,12.7517,0,0
2025-09-19,sz.300185,3.28,3.32,3.1,3.14,536823550.0,1699241816.78,14.4804,-6.5476,0,0
2025-09-22,sz.300185,3.16,3.2,3.07,3.11,285987617.0,890114490.96,7.7143,-0.9554,0,0
2025-09-23,sz.300185,3.11,3.12,3.0,3.07,224972975.0,684832618.1,6.0685,-1.2862,0,0
2025-09-24,sz.300185,3.05,3.09,3.01,3.09,174511219.0,533211677.23,4.7073,0.6515,0,0
2025-09-25,sz.300185,3.07,3.12,3.03,3.03,179567345.0,551612944.42,4.8437,-1.9417,0,0
2025-09-26,sz.300185,3.06,3.26,3.06,3.14,383785692.0,1220261515.83,10.3523,3.6304,0,0
2025-09-29,sz.300185,3.2,3.32,3.18,3.24,350309000.0,1136884838.84,9.4493,3.1847,0,0
2025-09-30,sz.300185,3.24,3.3,3.15,3.17,246535367.0,786840691.36,6.6501,-2.1605,0,0
2025-10-09,sz.300185,3.18,3.25,3.16,3.24,221859238.0,712023160.33,5.9845,2.2082,0,0
2025-10-10,sz.300185,3.21,3.31,3.18,3.25,212645621.0,691063954.38,5.7359,0.3086,0,0
2025-10-13,sz.300185,3.1,3.22,3.05,3.21,178627539.0,564668588.38,4.8183,-1.2308,0,0
2025-10-14,sz.300185,3.22,3.29,3.11,3.12,176652397.0,564197665.75,4.7651,-2.8037,0,0
2025-10-15,sz.300185,3.13,3.17,3.09,3.17,114394274.0,357908915.53,3.0857,1.6026,0,0
2025-10-16,sz.300185,3.14,3.15,3.05,3.07,128393350.0,396192565.0,3.4633,-3.1546,0,0
2025-10-17,sz.300185,3.06,3.08,2.91,2.92,143866484.0,429493048.04,3.8807,-4.886,0,0
2025-10-20,sz.300185,2.98,3.0,2.92,2.94,84994509.0,251219326.08,2.2927,0.6849,0,0
2025-10-21,sz.300185,2.94,3.05,2.94,3.04,124553229.0,375887059.07,3.3597,3.4014,0,0
2025-10-22,sz.300185,3.03,3.2,3.01,3.16,220756320.0,690661341.6,5.9547,3.9474,0,0
2025-10-23,sz.300185,3.13,3.16,3.06,3.15,156893681.0,487072903.16,4.2321,-0.3165,0,0
2025-10-24,sz.300185,3.15,3.18,3.12,3.13,106797228.0,335223665.36,2.8808,-0.6349,0,0
2025-10-27,sz.300185,3.14,3.16,3.1,3.12,95457068.0,298148564.99,2.5749,-0.3195,0,0
2025-10-28,sz.300185,3.13,3.17,3.1,3.13,109263287.0,341918711.25,2.9473,0.3205,0,0
2025-10-29,sz.300185,3.13,3.15,3.08,3.15,101962162.0,317748017.46,2.7503,0.639,0,0
2025-10-30,sz.300185,3.14,3.2,3.1,3.11,128006542.0,402323929.62,3.4529,-1.2698,0,0
2025-10-31,sz.300185,3.1,3.15,3.07,3.08,106137836.0,328729774.62,2.863,-0.9646,0,0
2025-11-03,sz.300185,3.07,3.11,3.04,3.1,92124950.0,283219680.0,2.485,0.6494,0,0
2025-11-04,sz.300185,3.1,3.11,3.04,3.07,80481213.0,247093077.08,2.1709,-0.9677,0,0
2025-11-05,sz.300185,3.05,3.15,3.03,3.14,138678648.0,431629815.09,3.7407,2.2801,0,0
2025-11-06,sz.300185,3.16,3.19,3.12,3.15,123655698.0,390366869.66,3.3355,0.3185,0,0
2025-11-07,sz.300185,3.13,3.17,3.12,3.13,80042795.0,251177822.4,2.1591,-0.6349,0,0
2025-11-10,sz.300185,3.15,3.17,3.13,3.15,86581000.0,272359003.0,2.3354,0.639,0,0
2025-11-11,sz.300185,3.16,3.23,3.16,3.22,186997910.0,599409128.6,5.0441,2.2222,0,0
2025-11-12,sz.300185,3.21,3.22,3.1,3.12,160156748.0,503663012.33,4.3201,-3.1056,0,0
2025-11-13,sz.300185,3.12,3.17,3.09,3.14,108412840.0,340623884.0,2.9243,0.641,0,0
2025-11-14,sz.300185,3.13,3.2,3.11,3.14,115491740.0,364663687.74,3.1153,0.3195,0,0
2025-11-17,sz.300185,3.14,3.19,3.14,3.18,116902799.0,370278036.69,3.1534,1.2739,0,0
2025-11-18,sz.300185,3.17,3.18,3.04,3.05,171321522.0,528028016.91,4.6213,-4.0881,0,0
2025-11-19,sz.300185,3.04,3.08,3.0,3.02,87954952.0,265911172.04,2.3725,-0.9836,0,0
2025-11-20,sz.300185,3.02,3.04,2.94,2.96,92518699.0,275923306.06,2.4956,-1.9868,0,0
2025-11-21,sz.300185,2.94,2.95,2.84,2.84,99560344.0,287150274.31,2.6856,-4.0541,0,0
2025-11-24,sz.300185,2.85,2.9,2.85,2.88,60889186.0,174959430.56,1.6424,1.4085,0,0
2025-11-25,sz.300185,2.9,2.92,2.87,2.87,60813862.0,175905365.86,1.6404,-0.3472,0,0
2025-11-26,sz.300185,2.86,2.89,2.84,2.85,65270909.0,186794737.65,1.7606,-0.6969,0,0
2025-11-27,sz.300185,2.85,2.85,2.82,2.82,53650450.0,152148537.52,1.4472,-1.0526,0,0
2025-11-28,sz.300185,2.82,2.85,2.8,2.85,48158177.0,136139486.58,1.299,1.0638,0,0
2025-12-01,sz.300185,2.85,2.88,2.84,2.87,57995927.0,166211089.77,1.5644,0.7018,0,0
2025-12-02,sz.300185,2.88,2.9,2.84,2.89,61799900.0,177773012.0,1.667,0.6969,0,0
2025-12-03,sz.300185,2.91,2.91,2.86,2.88,52726006.0,151992897.97,1.4222,-0.346,0,0
2025-12-04,sz.300185,2.88,2.9,2.86,2.88,53999189.0,155531317.32,1.4566,0.0,0,0
2025-12-05,sz.300185,2.87,3.01,2.87,3.0,132847141.0,392852302.85,3.5834,4.1667,0,0
2025-12-08,sz.300185,3.02,3.06,2.99,3.03,118907569.0,360240908.5,3.2074,1.0,0,0
2025-12-09,sz.300185,3.02,3.03,2.91,2.93,102096600.0,301462731.0,2.754,-3.3003,0,0
2025-12-10,sz.300185,2.91,2.94,2.88,2.91,56457100.0,164072349.0,1.5229,-0.6826,0,0
2025-12-11,sz.300185,2.91,2.99,2.91,2.92,82692176.0,243226903.16,2.2306,0.3436,0,0
2025-12-12,sz.300185,2.91,3.01,2.9,2.98,111982200.0,332900629.61,3.0206,2.0548,0,0
2025-12-15,sz.300185,2.97,3.0,2.94,2.94,80858884.0,239469554.08,2.1811,-1.3423,0,0
2025-12-16,sz.300185,2.93,2.94,2.81,2.82,104846576.0,298249615.8,2.8281,-4.0816,0,0
2025-12-17,sz.300185,2.81,2.83,2.76,2.82,73440210.0,205369026.92,1.981,0.0,0,0
2025-12-18,sz.300185,2.8,2.84,2.79,2.81,46495465.0,131205286.02,1.2542,-0.3546,0,0
2025-12-19,sz.300185,2.81,2.88,2.81,2.87,72788931.0,208633304.97,1.9634,2.1352,0,0
2025-12-22,sz.300185,2.88,2.92,2.86,2.86,55124660.0,158785222.6,1.4869,-0.3484,0,0
2025-12-23,sz.300185,2.85,2.87,2.82,2.83,51593578.0,146862628.3,1.3917,-1.049,0,0
2025-12-24,sz.300185,2.83,2.88,2.81,2.87,47144203.0,134737194.55,1.2717,1.4134,0,0
2025-12-25,sz.300185,2.88,2.9,2.85,2.88,57650072.0,165944450.14,1.5551,0.3484,0,0
2025-12-26,sz.300185,2.88,2.9,2.86,2.89,60935400.0,175644133.0,1.6437,0.3472,0,0
2025-12-29,sz.300185,2.88,2.9,2.85,2.86,55448250.0,159449995.5,1.4957,-1.0381,0,0
2025-12-30,sz.300185,2.87,2.88,2.83,2.83,64729900.0,184217840.0,1.746,-1.049,0,0
2025-12-31,sz.300185,2.85,2.86,2.8,2.84,65462392.0,185258660.76,1.7658,0.3534,0,0
2026-01-05,sz.300185,2.85,2.87,2.83,2.85,60923478.0,173702937.3,1.6435,0.3521,0,0
2026-01-06,sz.300185,2.86,2.92,2.85,2.92,97140708.0,281009206.38,2.6205,2.4561,0,0
2026-01-07,sz.300185,2.9,2.92,2.87,2.87,78394994.0,226355324.72,2.1148,-1.7123,0,0
2026-01-08,sz.300185,2.87,2.98,2.86,2.95,123271250.0,363607170.0,3.3254,2.7875,0,0
2026-01-09,sz.300185,2.96,3.02,2.95,2.98,121762100.0,363372982.0,3.2847,1.0169,0,0
2026-01-12,sz.300185,2.98,3.11,2.97,3.09,177232705.0,539623192.31,4.7811,3.6913,0,0
2026-01-13,sz.300185,3.09,3.1,2.99,3.01,147761832.0,445881607.38,3.986,-2.589,0,0
2026-01-14,sz.300185,3.0,3.05,2.95,2.98,140767363.0,423797399.46,3.7974,-0.9967,0,0
2026-01-15,sz.300185,2.98,3.0,2.92,2.94,90256318.0,266709825.45,2.4348,-1.3423,0,0
2026-01-16,sz.300185,2.95,2.98,2.93,2.94,71759239.0,211607856.67,1.9358,0.0,0,0
2026-01-19,sz.300185,2.92,3.01,2.92,2.99,106647200.0,318373698.0,2.8769,1.7007,0,0
2026-01-20,sz.300185,3.01,3.04,2.96,2.99,77991875.0,233117124.25,2.1039,0.0,0,0
2026-01-21,sz.300185,2.97,3.01,2.95,2.97,82791435.0,246555229.15,2.2334,-0.6689,0,0
2026-01-22,sz.300185,2.98,3.05,2.97,3.05,143760752.0,435841972.02,3.8781,2.6936,0,0
2026-01-23,sz.300185,3.05,3.09,3.04,3.09,134843258.0,413699953.83,3.6376,1.3115,0,0
2026-01-26,sz.300185,3.13,3.15,3.03,3.06,136558158.0,419224706.72,3.6838,-0.9709,0,0
2026-01-27,sz.300185,3.05,3.1,2.98,3.08,131173736.0,399345040.0,3.5386,0.6536,0,0
2026-01-28,sz.300185,3.06,3.09,3.03,3.08,86608313.0,265126213.61,2.3364,0.0,0,0
2026-01-29,sz.300185,3.1,3.14,3.06,3.07,144492808.0,446341676.94,3.8979,-0.3247,0,0
2026-01-30,sz.300185,3.04,3.07,2.96,2.99,127166050.0,381994000.0,3.4305,-2.6059,0,0
2026-02-02,sz.300185,3.0,3.03,2.91,2.91,97668500.0,290319643.0,2.6347,-2.6756,0,0
2026-02-03,sz.300185,2.93,3.0,2.92,3.0,99849641.0,296656751.59,2.6936,3.0928,0,0
2026-02-04,sz.300185,3.0,3.08,2.98,3.07,133136817.0,406398811.39,3.5915,2.3333,0,0
2026-02-05,sz.300185,3.05,3.06,2.98,2.99,108791300.0,327437226.0,2.9348,-2.6059,0,0
2026-02-06,sz.300185,2.97,3.03,2.95,3.0,81245100.0,243825364.0,2.1917,0.3344,0,0
2026-02-09,sz.300185,3.03,3.07,3.02,3.05,83159487.0,253382380.61,2.2433,1.6667,0,0
2026-02-10,sz.300185,3.05,3.06,3.02,3.03,72890834.0,221762461.7,1.9663,-0.6557,0,0
2026-02-11,sz.300185,3.04,3.07,3.03,3.04,66968800.0,204272474.0,1.8066,0.33,0,0
2026-02-12,sz.300185,3.03,3.06,2.98,3.03,83961950.0,253953577.5,2.265,-0.3289,0,0
2026-02-13,sz.300185,3.02,3.03,2.96,2.96,78821780.0,236232149.94,2.1263,-2.3102,0,0
2026-02-24,sz.300185,3.0,3.07,3.0,3.05,121407100.0,369899903.0,3.2751,3.0405,0,0
2026-02-25,sz.300185,3.06,3.1,3.05,3.09,113687029.0,350704312.9,3.0668,1.3115,0,0
2026-02-26,sz.300185,3.1,3.17,3.08,3.16,177961115.0,554628169.91,4.8007,2.2654,0,0
2026-02-27,sz.300185,3.14,3.18,3.12,3.15,117637245.0,370585403.27,3.1734,-0.3165,0,0
2026-03-02,sz.300185,3.12,3.18,3.11,3.14,129695941.0,408288588.39,3.4987,-0.3175,0,0
2026-03-03,sz.300185,3.15,3.19,3.06,3.07,158478677.0,494351897.29,4.2751,-2.2293,0,0
2026-03-04,sz.300185,3.05,3.11,3.04,3.07,105721806.0,324986229.98,2.852,0.0,0,0
2026-03-05,sz.300185,3.11,3.3,3.09,3.23,297244198.0,950941103.27,8.0185,5.2117,0,0
2026-03-06,sz.300185,3.21,3.3,3.2,3.28,227924388.0,743545402.35,6.1485,1.548,0,0
2026-03-09,sz.300185,3.25,3.35,3.24,3.3,198561136.0,654799724.3,5.3564,0.6098,0,0
2026-03-10,sz.300185,3.29,3.44,3.28,3.36,244845714.0,823653307.56,6.605,1.8182,0,0
2026-03-11,sz.300185,3.37,3.43,3.29,3.39,252784680.0,849961296.8,6.8192,0.8929,0,0
2026-03-12,sz.300185,3.39,3.59,3.38,3.51,387537613.0,1348305940.47,10.4543,3.5398,0,0
2026-03-13,sz.300185,3.58,4.21,3.58,4.21,857484577.0,3433247678.63,23.1316,19.943,1,0
2026-03-16,sz.300185,4.11,4.24,3.89,3.94,966936295.0,3894701103.59,26.0842,-6.4133,0,0
2026-03-17,sz.300185,3.86,4.38,3.85,4.2,931537314.0,3867618814.53,25.1293,6.599,0,0
2026-03-18,sz.300185,4.04,4.09,3.82,3.96,687551216.0,2702901780.58,18.5475,-5.7143,0,0
2026-03-19,sz.300185,3.83,4.01,3.75,3.87,479493168.0,1870343625.34,12.9349,-2.2727,0,0
2026-03-20,sz.300185,3.84,4.13,3.8,4.0,616678980.0,2456149501.73,16.6356,3.3592,0,0
2026-03-23,sz.300185,3.86,4.08,3.78,3.82,540169676.0,2129619703.73,14.5717,-4.5,0,0
2026-03-24,sz.300185,3.88,4.02,3.78,3.98,508642410.0,1989695992.33,13.7212,4.1885,0,0
2026-03-25,sz.300185,3.89,4.17,3.86,4.1,621224984.0,2528236600.61,16.7583,3.0151,0,0
2026-03-26,sz.300185,4.03,4.04,3.82,3.84,486766802.0,1905009568.12,13.1311,-6.3415,0,0
2026-03-27,sz.300185,3.7,3.74,3.5,3.72,449684631.0,1639033663.23,12.1308,-3.125,0,0
2026-03-30,sz.300185,3.62,3.79,3.48,3.58,370951819.0,1329435586.07,9.6452,-3.7634,0,0
2026-03-31,sz.300185,3.53,3.55,3.32,3.33,367839372.0,1255598415.04,9.5642,-6.9832,0,0
2026-04-01,sz.300185,3.46,3.53,3.37,3.4,245982973.0,842393929.67,6.3958,2.1021,0,0
2026-04-02,sz.300185,3.37,3.43,3.22,3.24,228091504.0,751784503.84,5.9306,-4.7059,0,0
2026-04-03,sz.300185,3.24,3.27,3.12,3.13,172802345.0,546674781.02,4.493,-3.3951,0,0
2026-04-07,sz.300185,3.14,3.21,3.12,3.2,146885567.0,466862120.42,3.8191,2.2364,0,0
2026-04-08,sz.300185,3.26,3.32,3.25,3.32,190776271.0,626406770.06,4.9603,3.75,0,0
2026-04-09,sz.300185,3.27,3.28,3.19,3.22,147705498.0,476504883.85,3.8405,-3.012,0,0
2026-04-10,sz.300185,3.25,3.27,3.18,3.18,144133127.0,464278819.1,3.7476,-1.2422,0,0
2026-04-13,sz.300185,3.16,3.25,3.15,3.24,138913763.0,446572159.52,3.6119,1.8868,0,0
2026-04-14,sz.300185,3.25,3.28,3.2,3.25,119459982.0,385899416.05,3.1061,0.3086,0,0
2026-04-15,sz.300185,3.25,3.27,3.18,3.19,143469403.0,462020492.86,3.7303,-1.8462,0,0
2026-04-16,sz.300185,3.19,3.23,3.18,3.22,100638525.0,322641094.85,2.6167,0.9404,0,0
2026-04-17,sz.300185,3.21,3.31,3.2,3.29,227512319.0,746777004.62,5.9155,2.1739,0,0
2026-04-20,sz.300185,3.29,3.34,3.25,3.33,185151362.0,610949633.69,4.8141,1.2158,0,0
2026-04-21,sz.300185,3.32,3.33,3.23,3.27,144610405.0,471993288.3,3.76,-1.8018,0,0
2026-04-22,sz.300185,3.24,3.25,3.19,3.22,141680770.0,455332477.82,3.6838,-1.5291,0,0
2026-04-23,sz.300185,3.22,3.23,3.14,3.2,170924933.0,543255897.12,4.4442,-0.6211,0,0
2026-04-24,sz.300185,3.17,3.25,3.15,3.17,150323688.0,479269396.82,3.9085,-0.9375,0,0
2026-04-27,sz.300185,3.16,3.21,3.15,3.2,109385235.0,348406849.11,2.8441,0.9464,0,0
2026-04-28,sz.300185,3.18,3.19,3.12,3.14,122560232.0,386524881.42,3.1867,-1.875,0,0
2026-04-29,sz.300185,3.12,3.17,3.11,3.16,91283257.0,288179850.85,2.3734,0.6369,0,0
2026-04-30,sz.300185,3.15,3.18,3.12,3.17,117140744.0,368491808.23,3.0458,0.3165,0,0
2026-05-06,sz.300185,3.17,3.25,3.17,3.23,149035153.0,479509522.88,3.875,1.8927,0,0
2026-05-07,sz.300185,3.24,3.36,3.23,3.35,250483285.0,830688571.95,6.5128,3.7152,0,0
2026-05-08,sz.300185,3.31,3.33,3.27,3.3,155005747.0,510978785.28,4.0303,-1.4925,0,0
2026-05-11,sz.300185,3.3,3.34,3.26,3.28,142253098.0,467467038.85,3.6987,-0.6061,0,0
2026-05-12,sz.300185,3.27,3.34,3.22,3.3,204337484.0,671984441.13,5.3129,0.6098,0,0
2026-05-13,sz.300185,3.27,3.42,3.26,3.41,281836681.0,950817191.95,7.328,3.3333,0,0
2026-05-14,sz.300185,3.39,3.45,3.26,3.27,249146907.0,834945965.03,6.478,-4.1056,0,0
2026-05-15,sz.300185,3.28,3.32,3.16,3.18,170972796.0,549679520.78,4.4454,-2.7523,0,0
2026-05-18,sz.300185,3.15,3.18,3.11,3.16,115957438.0,364337783.06,3.015,-0.6289,0,0
2026-05-19,sz.300185,3.15,3.19,3.11,3.18,121181923.0,380869851.04,3.1508,0.6329,0,0
2026-05-20,sz.300185,3.16,3.17,3.03,3.03,160355648.0,491298086.33,4.1694,-4.717,0,0
2026-05-21,sz.300185,3.06,3.07,2.93,2.94,128263046.0,386039614.75,3.3349,-2.9703,0,0
2026-05-22,sz.300185,2.97,2.98,2.91,2.95,92872258.0,273219077.52,2.4148,0.3401,0,0
2026-05-25,sz.300185,2.94,2.98,2.91,2.96,85701806.0,252266284.61,2.2283,0.339,0,0
2026-05-26,sz.300185,2.96,2.97,2.87,2.9,103242790.0,299475451.66,2.6844,-2.027,0,0
2026-05-27,sz.300185,2.89,2.92,2.79,2.81,96390405.0,273767408.76,2.5062,-3.1034,0,0
2026-05-28,sz.300185,2.8,2.86,2.78,2.85,81365938.0,230422520.96,2.1156,1.4235,0,0
2026-05-29,sz.300185,2.85,2.87,2.78,2.78,90550341.0,255129494.74,2.3544,-2.4561,0,0
2026-06-01,sz.300185,2.78,2.87,2.77,2.84,80197474.0,227427298.29,2.0852,2.1583,0,0
2026-06-02,sz.300185,2.84,2.84,2.78,2.79,72997421.0,204298074.59,1.898,-1.7606,0,0
2026-06-03,sz.300185,2.78,2.81,2.76,2.77,80925752.0,225115654.0,2.1041,-0.7168,0,0
2026-06-04,sz.300185,2.76,2.79,2.67,2.7,96731711.0,263339738.98,2.5151,-2.5271,0,0
2026-06-05,sz.300185,2.7,2.73,2.66,2.69,75902245.0,204584420.31,1.9735,-0.3704,0,0
2026-06-08,sz.300185,2.65,2.67,2.55,2.58,102027197.0,266488296.29,2.6528,-4.0892,0,0
2026-06-09,sz.300185,2.59,2.72,2.55,2.69,125537395.0,331073369.19,3.2641,4.2636,0,0
2026-06-10,sz.300185,2.66,2.92,2.62,2.86,212119915.0,591112279.01,5.5153,6.3197,0,0
2026-06-11,sz.300185,2.81,2.86,2.72,2.75,134360392.0,374303269.02,3.4935,-3.8462,0,0
2026-06-12,sz.300185,2.79,2.84,2.75,2.78,102925521.0,286762874.57,2.6761,1.0909,0,0
2026-06-15,sz.300185,2.77,2.82,2.76,2.78,86428076.0,240475700.76,2.2472,0.0,0,0
2026-06-16,sz.300185,2.77,2.78,2.71,2.75,90872792.0,249221753.47,2.3628,-1.0791,0,0
2026-06-17,sz.300185,2.73,2.83,2.66,2.79,132804884.0,362658757.89,3.453,1.4545,0,0
2026-06-18,sz.300185,2.75,2.78,2.69,2.78,97369067.0,264812369.76,2.5317,-0.3584,0,0
2026-06-22,sz.300185,2.99,3.13,2.95,3.01,295547938.0,899364817.79,7.6845,8.2734,0,0
2026-06-23,sz.300185,2.99,3.12,2.89,2.91,211881060.0,636323980.36,5.5091,-3.3223,0,0
2026-06-24,sz.300185,2.89,2.93,2.79,2.81,129627473.0,367989827.22,3.3704,-3.4364,0,0
2026-06-25,sz.300185,2.8,2.81,2.72,2.73,95038903.0,261204886.39,2.4711,-2.847,0,0
2026-06-26,sz.300185,2.75,2.89,2.74,2.75,144572103.0,405594387.92,3.759,0.7326,0,0
